huehue:huehue,0,1544985544904,"{""phase"": ""INSTRUCTQUIZ"", ""answer"": ""material"", ""question"": ""featureAttend""}"
huehue:huehue,1,1544985544905,"{""phase"": ""INSTRUCTQUIZ"", ""answer"": ""wood"", ""question"": ""constantObj""}"
huehue:huehue,2,1544985544905,"{""phase"": ""INSTRUCTQUIZ"", ""answer"": ""second"", ""question"": ""densOrder""}"
huehue:huehue,3,1544985546872,"{""phase"": ""INSTRUCTIONS"", ""templates"": [""instructions/instruct-1.html""], ""action"": ""Begin""}"
huehue:huehue,4,1544985548641,"{""phase"": ""INSTRUCTIONS"", ""indexOf"": 0, ""viewTime"": 1765, ""action"": ""FinishInstructions"", ""template"": ""instructions/instruct-1.html""}"
huehue:huehue,5,1544985623524,"{""phase"": ""INSTRUCTQUIZ"", ""answer"": ""loudness"", ""question"": ""featureAttend""}"
huehue:huehue,6,1544985623524,"{""phase"": ""INSTRUCTQUIZ"", ""answer"": ""wood"", ""question"": ""constantObj""}"
huehue:huehue,7,1544985623524,"{""phase"": ""INSTRUCTQUIZ"", ""answer"": ""second"", ""question"": ""densOrder""}"
huehue:huehue,8,1544985631700,"{""Rating"": ""27"", ""ReactionTime"": 0, ""TrialName"": 2, ""IsInstruction"": true, ""TrialOrder"": 2}"
huehue:huehue,9,1544985642415,"{""Rating"": ""100"", ""ReactionTime"": 7901, ""TrialName"": ""CubeOnPlate3DubbedPlate0.mp4"", ""IsInstruction"": false, ""TrialOrder"": 0}"
huehue:huehue,10,1544985660777,"{""Rating"": ""40"", ""ReactionTime"": 18358, ""TrialName"": ""CylOnWood3DubbedWood0.mp4"", ""IsInstruction"": false, ""TrialOrder"": 1}"
huehue:huehue,11,1544985666647,"{""Rating"": ""99"", ""ReactionTime"": 5867, ""TrialName"": ""CubeOnPlate1DubbedPlate0.mp4"", ""IsInstruction"": false, ""TrialOrder"": 2}"
huehue:huehue,12,1544985672109,"{""Rating"": ""99"", ""ReactionTime"": 5458, ""TrialName"": ""CylOnPlate2DubbedPlate0.mp4"", ""IsInstruction"": false, ""TrialOrder"": 3}"
huehue:huehue,13,1544985678243,"{""Rating"": ""4"", ""ReactionTime"": 6130, ""TrialName"": ""SphereOnFoam2DubbedFoam0.mp4"", ""IsInstruction"": false, ""TrialOrder"": 4}"
huehue:huehue,14,1544985685847,"{""Rating"": ""50"", ""ReactionTime"": 7599, ""TrialName"": ""CylOnPlate4DubbedWood0.mp4"", ""IsInstruction"": false, ""TrialOrder"": 5}"
huehue:huehue,15,1544985692130,"{""Rating"": ""50"", ""ReactionTime"": 6275, ""TrialName"": ""SphereOnWood3DubbedWood0.mp4"", ""IsInstruction"": false, ""TrialOrder"": 6}"
huehue:huehue,16,1544985698159,"{""Rating"": ""100"", ""ReactionTime"": 6022, ""TrialName"": ""SphereOnPlate2DubbedPlate0.mp4"", ""IsInstruction"": false, ""TrialOrder"": 7}"
huehue:huehue,17,1544985704200,"{""Rating"": ""50"", ""ReactionTime"": 6036, ""TrialName"": ""CubeOnFoam4DubbedWood0.mp4"", ""IsInstruction"": false, ""TrialOrder"": 8}"
huehue:huehue,18,1544985716603,"{""Rating"": ""51"", ""ReactionTime"": 12399, ""TrialName"": ""CylOnWood2DubbedWood0.mp4"", ""IsInstruction"": false, ""TrialOrder"": 9}"
huehue:huehue,19,1544985722607,"{""Rating"": ""50"", ""ReactionTime"": 6002, ""TrialName"": ""SphereOnWood2DubbedWood0.mp4"", ""IsInstruction"": false, ""TrialOrder"": 10}"
huehue:huehue,20,1544985728277,"{""Rating"": ""100"", ""ReactionTime"": 5666, ""TrialName"": ""CubeOnPlate2DubbedPlate0.mp4"", ""IsInstruction"": false, ""TrialOrder"": 11}"
huehue:huehue,21,1544985738426,"{""Rating"": ""100"", ""ReactionTime"": 10141, ""TrialName"": ""CylOnPlate3DubbedPlate0.mp4"", ""IsInstruction"": false, ""TrialOrder"": 12}"
huehue:huehue,22,1544985744121,"{""Rating"": ""100"", ""ReactionTime"": 5687, ""TrialName"": ""CubeOnPlate0DubbedPlate0.mp4"", ""IsInstruction"": false, ""TrialOrder"": 13}"
huehue:huehue,23,1544985750063,"{""Rating"": ""0"", ""ReactionTime"": 5940, ""TrialName"": ""CylOnFoam1DubbedFoam0.mp4"", ""IsInstruction"": false, ""TrialOrder"": 14}"
huehue:huehue,24,1544985756565,"{""Rating"": ""100"", ""ReactionTime"": 6500, ""TrialName"": ""SphereOnPlate1DubbedPlate0.mp4"", ""IsInstruction"": false, ""TrialOrder"": 15}"
huehue:huehue,25,1544985767118,"{""Rating"": ""36"", ""ReactionTime"": 10545, ""TrialName"": ""SphereOnFoam1DubbedFoam0.mp4"", ""IsInstruction"": false, ""TrialOrder"": 16}"
huehue:huehue,26,1544985773302,"{""Rating"": ""49"", ""ReactionTime"": 6178, ""TrialName"": ""SphereOnWood1DubbedWood0.mp4"", ""IsInstruction"": false, ""TrialOrder"": 17}"
huehue:huehue,27,1544985779770,"{""Rating"": ""99"", ""ReactionTime"": 6464, ""TrialName"": ""CubeOnFoam5DubbedPlate0.mp4"", ""IsInstruction"": false, ""TrialOrder"": 18}"
huehue:huehue,28,1544985789760,"{""Rating"": ""36"", ""ReactionTime"": 9985, ""TrialName"": ""SphereOnFoam0DubbedFoam0.mp4"", ""IsInstruction"": false, ""TrialOrder"": 19}"
huehue:huehue,29,1544985796739,"{""Rating"": ""2"", ""ReactionTime"": 6975, ""TrialName"": ""CubeOnPlate5DubbedFoam0.mp4"", ""IsInstruction"": false, ""TrialOrder"": 20}"
huehue:huehue,30,1544985803598,"{""Rating"": ""49"", ""ReactionTime"": 6853, ""TrialName"": ""CubeOnWood2DubbedWood0.mp4"", ""IsInstruction"": false, ""TrialOrder"": 21}"
huehue:huehue,31,1544985811598,"{""Rating"": ""62"", ""ReactionTime"": 7998, ""TrialName"": ""CubeOnWood3DubbedWood0.mp4"", ""IsInstruction"": false, ""TrialOrder"": 22}"
huehue:huehue,32,1544985818644,"{""Rating"": ""99"", ""ReactionTime"": 7037, ""TrialName"": ""SphereOnPlate0DubbedPlate0.mp4"", ""IsInstruction"": false, ""TrialOrder"": 23}"
huehue:huehue,33,1544985825022,"{""Rating"": ""50"", ""ReactionTime"": 6371, ""TrialName"": ""CylOnWood1DubbedWood0.mp4"", ""IsInstruction"": false, ""TrialOrder"": 24}"
huehue:huehue,34,1544985831853,"{""Rating"": ""19"", ""ReactionTime"": 6827, ""TrialName"": ""CubeOnFoam1DubbedFoam0.mp4"", ""IsInstruction"": false, ""TrialOrder"": 25}"
huehue:huehue,35,1544985841003,"{""Rating"": ""99"", ""ReactionTime"": 9139, ""TrialName"": ""CylOnWood5DubbedPlate0.mp4"", ""IsInstruction"": false, ""TrialOrder"": 26}"
huehue:huehue,36,1544985848994,"{""Rating"": ""36"", ""ReactionTime"": 7988, ""TrialName"": ""CylOnFoam0DubbedFoam0.mp4"", ""IsInstruction"": false, ""TrialOrder"": 27}"
huehue:huehue,37,1544985858915,"{""Rating"": ""21"", ""ReactionTime"": 9916, ""TrialName"": ""CylOnFoam3DubbedFoam0.mp4"", ""IsInstruction"": false, ""TrialOrder"": 28}"
huehue:huehue,38,1544985865120,"{""Rating"": ""100"", ""ReactionTime"": 6203, ""TrialName"": ""CylOnPlate1DubbedPlate0.mp4"", ""IsInstruction"": false, ""TrialOrder"": 29}"
huehue:huehue,39,1544985872377,"{""Rating"": ""50"", ""ReactionTime"": 7256, ""TrialName"": ""CylOnFoam2DubbedFoam0.mp4"", ""IsInstruction"": false, ""TrialOrder"": 30}"
huehue:huehue,40,1544985889830,"{""Rating"": ""4"", ""ReactionTime"": 17451, ""TrialName"": ""CubeOnWood4DubbedFoam0.mp4"", ""IsInstruction"": false, ""TrialOrder"": 31}"
huehue:huehue,41,1544985896082,"{""Rating"": ""50"", ""ReactionTime"": 6251, ""TrialName"": ""CubeOnWood1DubbedWood0.mp4"", ""IsInstruction"": false, ""TrialOrder"": 32}"
huehue:huehue,42,1544985902465,"{""Rating"": ""51"", ""ReactionTime"": 6379, ""TrialName"": ""CylOnWood0DubbedWood0.mp4"", ""IsInstruction"": false, ""TrialOrder"": 33}"
huehue:huehue,43,1544985916550,"{""Rating"": ""99"", ""ReactionTime"": 14079, ""TrialName"": ""CylOnPlate0DubbedPlate0.mp4"", ""IsInstruction"": false, ""TrialOrder"": 34}"
huehue:huehue,44,1544985922044,"{""Rating"": ""11"", ""ReactionTime"": 5490, ""TrialName"": ""CubeOnFoam2DubbedFoam0.mp4"", ""IsInstruction"": false, ""TrialOrder"": 35}"
huehue:huehue,45,1544985927661,"{""Rating"": ""97"", ""ReactionTime"": 5615, ""TrialName"": ""SphereOnPlate3DubbedPlate0.mp4"", ""IsInstruction"": false, ""TrialOrder"": 36}"
huehue:huehue,46,1544985933968,"{""Rating"": ""50"", ""ReactionTime"": 6303, ""TrialName"": ""CubeOnWood0DubbedWood0.mp4"", ""IsInstruction"": false, ""TrialOrder"": 37}"
huehue:huehue,47,1544985940498,"{""Rating"": ""1"", ""ReactionTime"": 6520, ""TrialName"": ""CubeOnFoam0DubbedFoam0.mp4"", ""IsInstruction"": false, ""TrialOrder"": 38}"
huehue:huehue,48,1544985948398,"{""Rating"": ""31"", ""ReactionTime"": 7895, ""TrialName"": ""SphereOnWood0DubbedWood0.mp4"", ""IsInstruction"": false, ""TrialOrder"": 39}"
huehue:huehue,49,1544985954393,"{""Rating"": ""21"", ""ReactionTime"": 5986, ""TrialName"": ""CubeOnFoam3DubbedFoam0.mp4"", ""IsInstruction"": false, ""TrialOrder"": 40}"
huehue:huehue,50,1544985961669,"{""Rating"": ""36"", ""ReactionTime"": 7273, ""TrialName"": ""SphereOnFoam3DubbedFoam0.mp4"", ""IsInstruction"": false, ""TrialOrder"": 41}"
huehue:huehue,51,1544985961690,"{""phase"": ""postquestionnaire"", ""status"": ""begin""}"
huehue:huehue,52,1544986033868,"{""phase"": ""postquestionnaire"", ""status"": ""submit""}"
BLUBIRD:BLUBIRD,0,1544986836078,"{""phase"": ""INSTRUCTQUIZ"", ""answer"": ""loudness"", ""question"": ""featureAttend""}"
BLUBIRD:BLUBIRD,1,1544986836078,"{""phase"": ""INSTRUCTQUIZ"", ""answer"": ""neither"", ""question"": ""constantObj""}"
BLUBIRD:BLUBIRD,2,1544986836078,"{""phase"": ""INSTRUCTQUIZ"", ""answer"": ""third"", ""question"": ""densOrder""}"
BLUBIRD:BLUBIRD,3,1544986837503,"{""phase"": ""INSTRUCTIONS"", ""templates"": [""instructions/instruct-1.html""], ""action"": ""Begin""}"
BLUBIRD:BLUBIRD,4,1544986838952,"{""phase"": ""INSTRUCTIONS"", ""indexOf"": 0, ""viewTime"": 1448, ""action"": ""FinishInstructions"", ""template"": ""instructions/instruct-1.html""}"
BLUBIRD:BLUBIRD,5,1544986877491,"{""phase"": ""INSTRUCTQUIZ"", ""answer"": ""loudness"", ""question"": ""featureAttend""}"
BLUBIRD:BLUBIRD,6,1544986877491,"{""phase"": ""INSTRUCTQUIZ"", ""answer"": ""neither"", ""question"": ""constantObj""}"
BLUBIRD:BLUBIRD,7,1544986877491,"{""phase"": ""INSTRUCTQUIZ"", ""answer"": ""second"", ""question"": ""densOrder""}"
BLUBIRD:BLUBIRD,8,1544986878691,"{""phase"": ""INSTRUCTIONS"", ""templates"": [""instructions/instruct-1.html""], ""action"": ""Begin""}"
BLUBIRD:BLUBIRD,9,1544986879819,"{""phase"": ""INSTRUCTIONS"", ""indexOf"": 0, ""viewTime"": 1127, ""action"": ""FinishInstructions"", ""template"": ""instructions/instruct-1.html""}"
BLUBIRD:BLUBIRD,10,1544986931450,"{""phase"": ""INSTRUCTQUIZ"", ""answer"": ""loudness"", ""question"": ""featureAttend""}"
BLUBIRD:BLUBIRD,11,1544986931450,"{""phase"": ""INSTRUCTQUIZ"", ""answer"": ""wood"", ""question"": ""constantObj""}"
BLUBIRD:BLUBIRD,12,1544986931450,"{""phase"": ""INSTRUCTQUIZ"", ""answer"": ""second"", ""question"": ""densOrder""}"
BLUBIRD:BLUBIRD,13,1544986941171,"{""Rating"": ""28"", ""ReactionTime"": 0, ""TrialName"": 2, ""IsInstruction"": true, ""TrialOrder"": 2}"
BLUBIRD:BLUBIRD,14,1544986950596,"{""Rating"": ""37"", ""ReactionTime"": 0, ""TrialName"": 2, ""IsInstruction"": true, ""TrialOrder"": 2}"
BLUBIRD:BLUBIRD,15,1544986950627,"{""Rating"": ""37"", ""ReactionTime"": 0, ""TrialName"": 2, ""IsInstruction"": true, ""TrialOrder"": 2}"
BLUBIRD:BLUBIRD,16,1544986961813,"{""Rating"": ""36"", ""ReactionTime"": 9196, ""TrialName"": ""SphereOnWood1DubbedWood0.mp4"", ""IsInstruction"": false, ""TrialOrder"": 0}"
BLUBIRD:BLUBIRD,17,1544986977495,"{""Rating"": ""79"", ""ReactionTime"": 15680, ""TrialName"": ""CylOnPlate3DubbedPlate0.mp4"", ""IsInstruction"": false, ""TrialOrder"": 1}"
BLUBIRD:BLUBIRD,18,1544986986879,"{""Rating"": ""72"", ""ReactionTime"": 9383, ""TrialName"": ""CubeOnPlate2DubbedPlate0.mp4"", ""IsInstruction"": false, ""TrialOrder"": 2}"
BLUBIRD:BLUBIRD,19,1544986999649,"{""Rating"": ""31"", ""ReactionTime"": 12767, ""TrialName"": ""SphereOnWood2DubbedWood0.mp4"", ""IsInstruction"": false, ""TrialOrder"": 3}"
BLUBIRD:BLUBIRD,20,1544987007170,"{""Rating"": ""8"", ""ReactionTime"": 7521, ""TrialName"": ""SphereOnFoam1DubbedFoam0.mp4"", ""IsInstruction"": false, ""TrialOrder"": 4}"
BLUBIRD:BLUBIRD,21,1544987019188,"{""Rating"": ""45"", ""ReactionTime"": 12016, ""TrialName"": ""CylOnWood1DubbedWood0.mp4"", ""IsInstruction"": false, ""TrialOrder"": 5}"
BLUBIRD:BLUBIRD,22,1544987028741,"{""Rating"": ""3"", ""ReactionTime"": 9552, ""TrialName"": ""CubeOnFoam1DubbedFoam0.mp4"", ""IsInstruction"": false, ""TrialOrder"": 6}"
BLUBIRD:BLUBIRD,23,1544987042487,"{""Rating"": ""85"", ""ReactionTime"": 13745, ""TrialName"": ""CubeOnPlate0DubbedPlate0.mp4"", ""IsInstruction"": false, ""TrialOrder"": 7}"
BLUBIRD:BLUBIRD,24,1544987049808,"{""Rating"": ""83"", ""ReactionTime"": 7320, ""TrialName"": ""CylOnPlate2DubbedPlate0.mp4"", ""IsInstruction"": false, ""TrialOrder"": 8}"
BLUBIRD:BLUBIRD,25,1544987059369,"{""Rating"": ""6"", ""ReactionTime"": 9559, ""TrialName"": ""CubeOnFoam2DubbedFoam0.mp4"", ""IsInstruction"": false, ""TrialOrder"": 9}"
BLUBIRD:BLUBIRD,26,1544987070482,"{""Rating"": ""2"", ""ReactionTime"": 11112, ""TrialName"": ""SphereOnFoam3DubbedFoam0.mp4"", ""IsInstruction"": false, ""TrialOrder"": 10}"
BLUBIRD:BLUBIRD,27,1544987078180,"{""Rating"": ""2"", ""ReactionTime"": 7697, ""TrialName"": ""CylOnFoam3DubbedFoam0.mp4"", ""IsInstruction"": false, ""TrialOrder"": 11}"
BLUBIRD:BLUBIRD,28,1544987090589,"{""Rating"": ""87"", ""ReactionTime"": 12408, ""TrialName"": ""SphereOnPlate1DubbedPlate0.mp4"", ""IsInstruction"": false, ""TrialOrder"": 12}"
BLUBIRD:BLUBIRD,29,1544987099567,"{""Rating"": ""84"", ""ReactionTime"": 8977, ""TrialName"": ""CubeOnPlate3DubbedPlate0.mp4"", ""IsInstruction"": false, ""TrialOrder"": 13}"
BLUBIRD:BLUBIRD,30,1544987105832,"{""Rating"": ""53"", ""ReactionTime"": 6264, ""TrialName"": ""CubeOnFoam4DubbedWood0.mp4"", ""IsInstruction"": false, ""TrialOrder"": 14}"
BLUBIRD:BLUBIRD,31,1544987115161,"{""Rating"": ""43"", ""ReactionTime"": 9328, ""TrialName"": ""CylOnWood0DubbedWood0.mp4"", ""IsInstruction"": false, ""TrialOrder"": 15}"
BLUBIRD:BLUBIRD,32,1544987123298,"{""Rating"": ""47"", ""ReactionTime"": 8136, ""TrialName"": ""CubeOnWood3DubbedWood0.mp4"", ""IsInstruction"": false, ""TrialOrder"": 16}"
BLUBIRD:BLUBIRD,33,1544987130699,"{""Rating"": ""2"", ""ReactionTime"": 7401, ""TrialName"": ""CubeOnFoam0DubbedFoam0.mp4"", ""IsInstruction"": false, ""TrialOrder"": 17}"
BLUBIRD:BLUBIRD,34,1544987138843,"{""Rating"": ""82"", ""ReactionTime"": 8144, ""TrialName"": ""CylOnPlate1DubbedPlate0.mp4"", ""IsInstruction"": false, ""TrialOrder"": 18}"
BLUBIRD:BLUBIRD,35,1544987145212,"{""Rating"": ""56"", ""ReactionTime"": 6367, ""TrialName"": ""SphereOnWood3DubbedWood0.mp4"", ""IsInstruction"": false, ""TrialOrder"": 19}"
BLUBIRD:BLUBIRD,36,1544987151661,"{""Rating"": ""55"", ""ReactionTime"": 6447, ""TrialName"": ""CylOnWood3DubbedWood0.mp4"", ""IsInstruction"": false, ""TrialOrder"": 20}"
BLUBIRD:BLUBIRD,37,1544987160006,"{""Rating"": ""2"", ""ReactionTime"": 8344, ""TrialName"": ""SphereOnFoam0DubbedFoam0.mp4"", ""IsInstruction"": false, ""TrialOrder"": 21}"
BLUBIRD:BLUBIRD,38,1544987174793,"{""Rating"": ""92"", ""ReactionTime"": 14785, ""TrialName"": ""CubeOnWood5DubbedPlate0.mp4"", ""IsInstruction"": false, ""TrialOrder"": 22}"
BLUBIRD:BLUBIRD,39,1544987183009,"{""Rating"": ""45"", ""ReactionTime"": 8215, ""TrialName"": ""CylOnWood2DubbedWood0.mp4"", ""IsInstruction"": false, ""TrialOrder"": 23}"
BLUBIRD:BLUBIRD,40,1544987197240,"{""Rating"": ""55"", ""ReactionTime"": 14230, ""TrialName"": ""CubeOnWood2DubbedWood0.mp4"", ""IsInstruction"": false, ""TrialOrder"": 24}"
BLUBIRD:BLUBIRD,41,1544987206161,"{""Rating"": ""0"", ""ReactionTime"": 8919, ""TrialName"": ""CylOnFoam0DubbedFoam0.mp4"", ""IsInstruction"": false, ""TrialOrder"": 25}"
BLUBIRD:BLUBIRD,42,1544987220114,"{""Rating"": ""1"", ""ReactionTime"": 13952, ""TrialName"": ""CylOnWood4DubbedFoam0.mp4"", ""IsInstruction"": false, ""TrialOrder"": 26}"
BLUBIRD:BLUBIRD,43,1544987230148,"{""Rating"": ""86"", ""ReactionTime"": 10033, ""TrialName"": ""CylOnPlate0DubbedPlate0.mp4"", ""IsInstruction"": false, ""TrialOrder"": 27}"
BLUBIRD:BLUBIRD,44,1544987248166,"{""Rating"": ""59"", ""ReactionTime"": 18016, ""TrialName"": ""CubeOnPlate4DubbedWood0.mp4"", ""IsInstruction"": false, ""TrialOrder"": 28}"
BLUBIRD:BLUBIRD,45,1544987258608,"{""Rating"": ""45"", ""ReactionTime"": 10441, ""TrialName"": ""SphereOnWood0DubbedWood0.mp4"", ""IsInstruction"": false, ""TrialOrder"": 29}"
BLUBIRD:BLUBIRD,46,1544987270818,"{""Rating"": ""36"", ""ReactionTime"": 12208, ""TrialName"": ""CubeOnWood0DubbedWood0.mp4"", ""IsInstruction"": false, ""TrialOrder"": 30}"
BLUBIRD:BLUBIRD,47,1544987278538,"{""Rating"": ""89"", ""ReactionTime"": 7719, ""TrialName"": ""SphereOnPlate0DubbedPlate0.mp4"", ""IsInstruction"": false, ""TrialOrder"": 31}"
BLUBIRD:BLUBIRD,48,1544987287852,"{""Rating"": ""3"", ""ReactionTime"": 9312, ""TrialName"": ""CylOnFoam2DubbedFoam0.mp4"", ""IsInstruction"": false, ""TrialOrder"": 32}"
BLUBIRD:BLUBIRD,49,1544987298709,"{""Rating"": ""58"", ""ReactionTime"": 10856, ""TrialName"": ""CubeOnWood1DubbedWood0.mp4"", ""IsInstruction"": false, ""TrialOrder"": 33}"
BLUBIRD:BLUBIRD,50,1544987306974,"{""Rating"": ""97"", ""ReactionTime"": 8264, ""TrialName"": ""SphereOnPlate2DubbedPlate0.mp4"", ""IsInstruction"": false, ""TrialOrder"": 34}"
BLUBIRD:BLUBIRD,51,1544987314574,"{""Rating"": ""0"", ""ReactionTime"": 7599, ""TrialName"": ""CylOnPlate5DubbedFoam0.mp4"", ""IsInstruction"": false, ""TrialOrder"": 35}"
BLUBIRD:BLUBIRD,52,1544987323064,"{""Rating"": ""84"", ""ReactionTime"": 8489, ""TrialName"": ""CubeOnPlate1DubbedPlate0.mp4"", ""IsInstruction"": false, ""TrialOrder"": 36}"
BLUBIRD:BLUBIRD,53,1544987332169,"{""Rating"": ""81"", ""ReactionTime"": 9104, ""TrialName"": ""CylOnFoam5DubbedPlate0.mp4"", ""IsInstruction"": false, ""TrialOrder"": 37}"
BLUBIRD:BLUBIRD,54,1544987339058,"{""Rating"": ""0"", ""ReactionTime"": 6888, ""TrialName"": ""CubeOnFoam3DubbedFoam0.mp4"", ""IsInstruction"": false, ""TrialOrder"": 38}"
BLUBIRD:BLUBIRD,55,1544987349196,"{""Rating"": ""86"", ""ReactionTime"": 10136, ""TrialName"": ""SphereOnPlate3DubbedPlate0.mp4"", ""IsInstruction"": false, ""TrialOrder"": 39}"
BLUBIRD:BLUBIRD,56,1544987354748,"{""Rating"": ""0"", ""ReactionTime"": 5551, ""TrialName"": ""CylOnFoam1DubbedFoam0.mp4"", ""IsInstruction"": false, ""TrialOrder"": 40}"
BLUBIRD:BLUBIRD,57,1544987361884,"{""Rating"": ""2"", ""ReactionTime"": 7135, ""TrialName"": ""SphereOnFoam2DubbedFoam0.mp4"", ""IsInstruction"": false, ""TrialOrder"": 41}"
BLUBIRD:BLUBIRD,58,1544987361887,"{""phase"": ""postquestionnaire"", ""status"": ""begin""}"
BLUBIRD:BLUBIRD,59,1544987412875,"{""phase"": ""postquestionnaire"", ""status"": ""submit""}"
FOR4EVER:FOR4EVER,0,1544987396845,"{""phase"": ""INSTRUCTQUIZ"", ""answer"": ""loudness"", ""question"": ""featureAttend""}"
FOR4EVER:FOR4EVER,1,1544987396845,"{""phase"": ""INSTRUCTQUIZ"", ""answer"": ""wood"", ""question"": ""constantObj""}"
FOR4EVER:FOR4EVER,2,1544987396845,"{""phase"": ""INSTRUCTQUIZ"", ""answer"": ""second"", ""question"": ""densOrder""}"
FOR4EVER:FOR4EVER,3,1544987408589,"{""Rating"": ""48"", ""ReactionTime"": 0, ""TrialName"": 2, ""IsInstruction"": true, ""TrialOrder"": 2}"
FOR4EVER:FOR4EVER,4,1544987417899,"{""Rating"": ""0"", ""ReactionTime"": 6135, ""TrialName"": ""SphereOnFoam1DubbedFoam0.mp4"", ""IsInstruction"": false, ""TrialOrder"": 0}"
FOR4EVER:FOR4EVER,5,1544987432643,"{""Rating"": ""21"", ""ReactionTime"": 14743, ""TrialName"": ""SphereOnWood1DubbedWood0.mp4"", ""IsInstruction"": false, ""TrialOrder"": 1}"
FOR4EVER:FOR4EVER,6,1544987441724,"{""Rating"": ""8"", ""ReactionTime"": 9079, ""TrialName"": ""CylOnFoam3DubbedFoam0.mp4"", ""IsInstruction"": false, ""TrialOrder"": 2}"
FOR4EVER:FOR4EVER,7,1544987449418,"{""Rating"": ""0"", ""ReactionTime"": 7694, ""TrialName"": ""SphereOnFoam0DubbedFoam0.mp4"", ""IsInstruction"": false, ""TrialOrder"": 3}"
FOR4EVER:FOR4EVER,8,1544987457688,"{""Rating"": ""94"", ""ReactionTime"": 8268, ""TrialName"": ""CubeOnPlate0DubbedPlate0.mp4"", ""IsInstruction"": false, ""TrialOrder"": 4}"
FOR4EVER:FOR4EVER,9,1544987464463,"{""Rating"": ""94"", ""ReactionTime"": 6774, ""TrialName"": ""CylOnPlate1DubbedPlate0.mp4"", ""IsInstruction"": false, ""TrialOrder"": 5}"
FOR4EVER:FOR4EVER,10,1544987471965,"{""Rating"": ""94"", ""ReactionTime"": 7501, ""TrialName"": ""SphereOnPlate3DubbedPlate0.mp4"", ""IsInstruction"": false, ""TrialOrder"": 6}"
FOR4EVER:FOR4EVER,11,1544987477599,"{""Rating"": ""93"", ""ReactionTime"": 5633, ""TrialName"": ""CylOnPlate2DubbedPlate0.mp4"", ""IsInstruction"": false, ""TrialOrder"": 7}"
FOR4EVER:FOR4EVER,12,1544987484118,"{""Rating"": ""5"", ""ReactionTime"": 6517, ""TrialName"": ""CylOnFoam1DubbedFoam0.mp4"", ""IsInstruction"": false, ""TrialOrder"": 8}"
FOR4EVER:FOR4EVER,13,1544987491881,"{""Rating"": ""44"", ""ReactionTime"": 7761, ""TrialName"": ""CubeOnWood0DubbedWood0.mp4"", ""IsInstruction"": false, ""TrialOrder"": 9}"
FOR4EVER:FOR4EVER,14,1544987498751,"{""Rating"": ""13"", ""ReactionTime"": 6868, ""TrialName"": ""SphereOnFoam3DubbedFoam0.mp4"", ""IsInstruction"": false, ""TrialOrder"": 10}"
FOR4EVER:FOR4EVER,15,1544987506350,"{""Rating"": ""90"", ""ReactionTime"": 7597, ""TrialName"": ""CylOnPlate0DubbedPlate0.mp4"", ""IsInstruction"": false, ""TrialOrder"": 11}"
FOR4EVER:FOR4EVER,16,1544987513391,"{""Rating"": ""46"", ""ReactionTime"": 7039, ""TrialName"": ""SphereOnWood0DubbedWood0.mp4"", ""IsInstruction"": false, ""TrialOrder"": 12}"
FOR4EVER:FOR4EVER,17,1544987520565,"{""Rating"": ""49"", ""ReactionTime"": 7173, ""TrialName"": ""CylOnWood2DubbedWood0.mp4"", ""IsInstruction"": false, ""TrialOrder"": 13}"
FOR4EVER:FOR4EVER,18,1544987529176,"{""Rating"": ""9"", ""ReactionTime"": 8609, ""TrialName"": ""CylOnFoam2DubbedFoam0.mp4"", ""IsInstruction"": false, ""TrialOrder"": 14}"
FOR4EVER:FOR4EVER,19,1544987535464,"{""Rating"": ""93"", ""ReactionTime"": 6286, ""TrialName"": ""CubeOnWood5DubbedPlate0.mp4"", ""IsInstruction"": false, ""TrialOrder"": 15}"
FOR4EVER:FOR4EVER,20,1544987540831,"{""Rating"": ""94"", ""ReactionTime"": 5365, ""TrialName"": ""CubeOnPlate1DubbedPlate0.mp4"", ""IsInstruction"": false, ""TrialOrder"": 16}"
FOR4EVER:FOR4EVER,21,1544987546509,"{""Rating"": ""3"", ""ReactionTime"": 5677, ""TrialName"": ""SphereOnFoam2DubbedFoam0.mp4"", ""IsInstruction"": false, ""TrialOrder"": 17}"
FOR4EVER:FOR4EVER,22,1544987554182,"{""Rating"": ""16"", ""ReactionTime"": 7671, ""TrialName"": ""CubeOnWood2DubbedWood0.mp4"", ""IsInstruction"": false, ""TrialOrder"": 18}"
FOR4EVER:FOR4EVER,23,1544987562346,"{""Rating"": ""60"", ""ReactionTime"": 8163, ""TrialName"": ""CylOnPlate4DubbedWood0.mp4"", ""IsInstruction"": false, ""TrialOrder"": 19}"
FOR4EVER:FOR4EVER,24,1544987570234,"{""Rating"": ""9"", ""ReactionTime"": 7886, ""TrialName"": ""CubeOnFoam0DubbedFoam0.mp4"", ""IsInstruction"": false, ""TrialOrder"": 20}"
FOR4EVER:FOR4EVER,25,1544987577876,"{""Rating"": ""42"", ""ReactionTime"": 7641, ""TrialName"": ""CylOnFoam4DubbedWood0.mp4"", ""IsInstruction"": false, ""TrialOrder"": 21}"
FOR4EVER:FOR4EVER,26,1544987592573,"{""Rating"": ""91"", ""ReactionTime"": 14695, ""TrialName"": ""CubeOnPlate2DubbedPlate0.mp4"", ""IsInstruction"": false, ""TrialOrder"": 22}"
FOR4EVER:FOR4EVER,27,1544987603823,"{""Rating"": ""41"", ""ReactionTime"": 11248, ""TrialName"": ""CubeOnWood3DubbedWood0.mp4"", ""IsInstruction"": false, ""TrialOrder"": 23}"
FOR4EVER:FOR4EVER,28,1544987609776,"{""Rating"": ""92"", ""ReactionTime"": 5951, ""TrialName"": ""SphereOnPlate2DubbedPlate0.mp4"", ""IsInstruction"": false, ""TrialOrder"": 24}"
FOR4EVER:FOR4EVER,29,1544987618685,"{""Rating"": ""1"", ""ReactionTime"": 8907, ""TrialName"": ""CubeOnFoam3DubbedFoam0.mp4"", ""IsInstruction"": false, ""TrialOrder"": 25}"
FOR4EVER:FOR4EVER,30,1544987625024,"{""Rating"": ""42"", ""ReactionTime"": 6337, ""TrialName"": ""SphereOnWood2DubbedWood0.mp4"", ""IsInstruction"": false, ""TrialOrder"": 26}"
FOR4EVER:FOR4EVER,31,1544987633574,"{""Rating"": ""10"", ""ReactionTime"": 8548, ""TrialName"": ""CubeOnWood4DubbedFoam0.mp4"", ""IsInstruction"": false, ""TrialOrder"": 27}"
FOR4EVER:FOR4EVER,32,1544987639640,"{""Rating"": ""5"", ""ReactionTime"": 6064, ""TrialName"": ""CubeOnFoam2DubbedFoam0.mp4"", ""IsInstruction"": false, ""TrialOrder"": 28}"
FOR4EVER:FOR4EVER,33,1544987645385,"{""Rating"": ""41"", ""ReactionTime"": 5743, ""TrialName"": ""CylOnWood1DubbedWood0.mp4"", ""IsInstruction"": false, ""TrialOrder"": 29}"
FOR4EVER:FOR4EVER,34,1544987650781,"{""Rating"": ""4"", ""ReactionTime"": 5395, ""TrialName"": ""CylOnFoam0DubbedFoam0.mp4"", ""IsInstruction"": false, ""TrialOrder"": 30}"
FOR4EVER:FOR4EVER,35,1544987658844,"{""Rating"": ""86"", ""ReactionTime"": 8061, ""TrialName"": ""CubeOnFoam5DubbedPlate0.mp4"", ""IsInstruction"": false, ""TrialOrder"": 31}"
FOR4EVER:FOR4EVER,36,1544987665527,"{""Rating"": ""87"", ""ReactionTime"": 6681, ""TrialName"": ""SphereOnPlate1DubbedPlate0.mp4"", ""IsInstruction"": false, ""TrialOrder"": 32}"
FOR4EVER:FOR4EVER,37,1544987673677,"{""Rating"": ""2"", ""ReactionTime"": 8148, ""TrialName"": ""CubeOnFoam1DubbedFoam0.mp4"", ""IsInstruction"": false, ""TrialOrder"": 33}"
FOR4EVER:FOR4EVER,38,1544987679597,"{""Rating"": ""46"", ""ReactionTime"": 5918, ""TrialName"": ""CubeOnWood1DubbedWood0.mp4"", ""IsInstruction"": false, ""TrialOrder"": 34}"
FOR4EVER:FOR4EVER,39,1544987685125,"{""Rating"": ""94"", ""ReactionTime"": 5526, ""TrialName"": ""CylOnPlate3DubbedPlate0.mp4"", ""IsInstruction"": false, ""TrialOrder"": 35}"
FOR4EVER:FOR4EVER,40,1544987691183,"{""Rating"": ""94"", ""ReactionTime"": 6056, ""TrialName"": ""CubeOnPlate3DubbedPlate0.mp4"", ""IsInstruction"": false, ""TrialOrder"": 36}"
FOR4EVER:FOR4EVER,41,1544987698408,"{""Rating"": ""54"", ""ReactionTime"": 7224, ""TrialName"": ""SphereOnWood3DubbedWood0.mp4"", ""IsInstruction"": false, ""TrialOrder"": 37}"
FOR4EVER:FOR4EVER,42,1544987705872,"{""Rating"": ""8"", ""ReactionTime"": 7463, ""TrialName"": ""SphereOnPlate5DubbedFoam0.mp4"", ""IsInstruction"": false, ""TrialOrder"": 38}"
FOR4EVER:FOR4EVER,43,1544987711728,"{""Rating"": ""42"", ""ReactionTime"": 5854, ""TrialName"": ""CylOnWood3DubbedWood0.mp4"", ""IsInstruction"": false, ""TrialOrder"": 39}"
FOR4EVER:FOR4EVER,44,1544987717018,"{""Rating"": ""43"", ""ReactionTime"": 5287, ""TrialName"": ""CylOnWood0DubbedWood0.mp4"", ""IsInstruction"": false, ""TrialOrder"": 40}"
FOR4EVER:FOR4EVER,45,1544987722472,"{""Rating"": ""94"", ""ReactionTime"": 5452, ""TrialName"": ""SphereOnPlate0DubbedPlate0.mp4"", ""IsInstruction"": false, ""TrialOrder"": 41}"
FOR4EVER:FOR4EVER,46,1544987722475,"{""phase"": ""postquestionnaire"", ""status"": ""begin""}"
FOR4EVER:FOR4EVER,47,1544987884214,"{""phase"": ""postquestionnaire"", ""status"": ""submit""}"
lalala:lalala,0,1544990751315,"{""phase"": ""INSTRUCTQUIZ"", ""answer"": ""loudness"", ""question"": ""featureAttend""}"
lalala:lalala,1,1544990751315,"{""phase"": ""INSTRUCTQUIZ"", ""answer"": ""wood"", ""question"": ""constantObj""}"
lalala:lalala,2,1544990751316,"{""phase"": ""INSTRUCTQUIZ"", ""answer"": ""second"", ""question"": ""densOrder""}"
lalala:lalala,3,1544990771384,"{""Rating"": ""6"", ""ReactionTime"": 0, ""TrialName"": 2, ""IsInstruction"": true, ""TrialOrder"": 2}"
lalala:lalala,4,1544990782212,"{""Rating"": ""6"", ""ReactionTime"": 8550, ""TrialName"": ""SphereOnWood1DubbedWood0.mp4"", ""IsInstruction"": false, ""TrialOrder"": 0}"
lalala:lalala,5,1544990791788,"{""Rating"": ""41"", ""ReactionTime"": 9574, ""TrialName"": ""SphereOnPlate0DubbedPlate0.mp4"", ""IsInstruction"": false, ""TrialOrder"": 1}"
lalala:lalala,6,1544990800229,"{""Rating"": ""28"", ""ReactionTime"": 8439, ""TrialName"": ""CubeOnPlate1DubbedPlate0.mp4"", ""IsInstruction"": false, ""TrialOrder"": 2}"
lalala:lalala,7,1544990807406,"{""Rating"": ""1"", ""ReactionTime"": 7175, ""TrialName"": ""CylOnWood1DubbedWood0.mp4"", ""IsInstruction"": false, ""TrialOrder"": 3}"
lalala:lalala,8,1544990815662,"{""Rating"": ""0"", ""ReactionTime"": 8254, ""TrialName"": ""CylOnWood3DubbedWood0.mp4"", ""IsInstruction"": false, ""TrialOrder"": 4}"
lalala:lalala,9,1544990822494,"{""Rating"": ""6"", ""ReactionTime"": 6831, ""TrialName"": ""SphereOnWood2DubbedWood0.mp4"", ""IsInstruction"": false, ""TrialOrder"": 5}"
lalala:lalala,10,1544990829888,"{""Rating"": ""0"", ""ReactionTime"": 7394, ""TrialName"": ""CubeOnFoam1DubbedFoam0.mp4"", ""IsInstruction"": false, ""TrialOrder"": 6}"
lalala:lalala,11,1544990837895,"{""Rating"": ""0"", ""ReactionTime"": 8005, ""TrialName"": ""CylOnFoam0DubbedFoam0.mp4"", ""IsInstruction"": false, ""TrialOrder"": 7}"
lalala:lalala,12,1544990845097,"{""Rating"": ""62"", ""ReactionTime"": 7201, ""TrialName"": ""CylOnPlate3DubbedPlate0.mp4"", ""IsInstruction"": false, ""TrialOrder"": 8}"
lalala:lalala,13,1544990851583,"{""Rating"": ""0"", ""ReactionTime"": 6485, ""TrialName"": ""CylOnFoam2DubbedFoam0.mp4"", ""IsInstruction"": false, ""TrialOrder"": 9}"
lalala:lalala,14,1544990857031,"{""Rating"": ""40"", ""ReactionTime"": 5446, ""TrialName"": ""CubeOnPlate0DubbedPlate0.mp4"", ""IsInstruction"": false, ""TrialOrder"": 10}"
lalala:lalala,15,1544990863420,"{""Rating"": ""0"", ""ReactionTime"": 6388, ""TrialName"": ""CubeOnFoam2DubbedFoam0.mp4"", ""IsInstruction"": false, ""TrialOrder"": 11}"
lalala:lalala,16,1544990871065,"{""Rating"": ""0"", ""ReactionTime"": 7644, ""TrialName"": ""SphereOnFoam3DubbedFoam0.mp4"", ""IsInstruction"": false, ""TrialOrder"": 12}"
lalala:lalala,17,1544990878629,"{""Rating"": ""4"", ""ReactionTime"": 7563, ""TrialName"": ""CylOnWood4DubbedFoam0.mp4"", ""IsInstruction"": false, ""TrialOrder"": 13}"
lalala:lalala,18,1544990884689,"{""Rating"": ""31"", ""ReactionTime"": 6058, ""TrialName"": ""CylOnPlate0DubbedPlate0.mp4"", ""IsInstruction"": false, ""TrialOrder"": 14}"
lalala:lalala,19,1544990892043,"{""Rating"": ""57"", ""ReactionTime"": 7353, ""TrialName"": ""SphereOnPlate1DubbedPlate0.mp4"", ""IsInstruction"": false, ""TrialOrder"": 15}"
lalala:lalala,20,1544990898295,"{""Rating"": ""28"", ""ReactionTime"": 6251, ""TrialName"": ""CubeOnPlate4DubbedWood0.mp4"", ""IsInstruction"": false, ""TrialOrder"": 16}"
lalala:lalala,21,1544990904659,"{""Rating"": ""0"", ""ReactionTime"": 6363, ""TrialName"": ""CubeOnFoam0DubbedFoam0.mp4"", ""IsInstruction"": false, ""TrialOrder"": 17}"
lalala:lalala,22,1544990911129,"{""Rating"": ""0"", ""ReactionTime"": 6469, ""TrialName"": ""SphereOnPlate5DubbedFoam0.mp4"", ""IsInstruction"": false, ""TrialOrder"": 18}"
lalala:lalala,23,1544990917172,"{""Rating"": ""58"", ""ReactionTime"": 6041, ""TrialName"": ""SphereOnPlate3DubbedPlate0.mp4"", ""IsInstruction"": false, ""TrialOrder"": 19}"
lalala:lalala,24,1544990923777,"{""Rating"": ""13"", ""ReactionTime"": 6604, ""TrialName"": ""CylOnWood0DubbedWood0.mp4"", ""IsInstruction"": false, ""TrialOrder"": 20}"
lalala:lalala,25,1544990930424,"{""Rating"": ""0"", ""ReactionTime"": 6646, ""TrialName"": ""SphereOnFoam2DubbedFoam0.mp4"", ""IsInstruction"": false, ""TrialOrder"": 21}"
lalala:lalala,26,1544990936587,"{""Rating"": ""43"", ""ReactionTime"": 6162, ""TrialName"": ""CubeOnPlate2DubbedPlate0.mp4"", ""IsInstruction"": false, ""TrialOrder"": 22}"
lalala:lalala,27,1544990943630,"{""Rating"": ""16"", ""ReactionTime"": 7041, ""TrialName"": ""SphereOnFoam4DubbedWood0.mp4"", ""IsInstruction"": false, ""TrialOrder"": 23}"
lalala:lalala,28,1544990950373,"{""Rating"": ""41"", ""ReactionTime"": 6742, ""TrialName"": ""CylOnPlate1DubbedPlate0.mp4"", ""IsInstruction"": false, ""TrialOrder"": 24}"
lalala:lalala,29,1544990957052,"{""Rating"": ""8"", ""ReactionTime"": 6677, ""TrialName"": ""SphereOnWood3DubbedWood0.mp4"", ""IsInstruction"": false, ""TrialOrder"": 25}"
lalala:lalala,30,1544990963578,"{""Rating"": ""5"", ""ReactionTime"": 6524, ""TrialName"": ""CubeOnWood0DubbedWood0.mp4"", ""IsInstruction"": false, ""TrialOrder"": 26}"
lalala:lalala,31,1544990970499,"{""Rating"": ""0"", ""ReactionTime"": 6920, ""TrialName"": ""CylOnFoam1DubbedFoam0.mp4"", ""IsInstruction"": false, ""TrialOrder"": 27}"
lalala:lalala,32,1544990978507,"{""Rating"": ""40"", ""ReactionTime"": 8007, ""TrialName"": ""CubeOnPlate3DubbedPlate0.mp4"", ""IsInstruction"": false, ""TrialOrder"": 28}"
lalala:lalala,33,1544990993503,"{""Rating"": ""1"", ""ReactionTime"": 14995, ""TrialName"": ""SphereOnFoam1DubbedFoam0.mp4"", ""IsInstruction"": false, ""TrialOrder"": 29}"
lalala:lalala,34,1544991000698,"{""Rating"": ""5"", ""ReactionTime"": 7193, ""TrialName"": ""SphereOnWood0DubbedWood0.mp4"", ""IsInstruction"": false, ""TrialOrder"": 30}"
lalala:lalala,35,1544991007489,"{""Rating"": ""0"", ""ReactionTime"": 6790, ""TrialName"": ""CylOnFoam3DubbedFoam0.mp4"", ""IsInstruction"": false, ""TrialOrder"": 31}"
lalala:lalala,36,1544991014708,"{""Rating"": ""0"", ""ReactionTime"": 7217, ""TrialName"": ""CubeOnFoam3DubbedFoam0.mp4"", ""IsInstruction"": false, ""TrialOrder"": 32}"
lalala:lalala,37,1544991022224,"{""Rating"": ""30"", ""ReactionTime"": 7514, ""TrialName"": ""CylOnPlate2DubbedPlate0.mp4"", ""IsInstruction"": false, ""TrialOrder"": 33}"
lalala:lalala,38,1544991030489,"{""Rating"": ""14"", ""ReactionTime"": 8264, ""TrialName"": ""CylOnWood2DubbedWood0.mp4"", ""IsInstruction"": false, ""TrialOrder"": 34}"
lalala:lalala,39,1544991038156,"{""Rating"": ""14"", ""ReactionTime"": 7666, ""TrialName"": ""CubeOnWood2DubbedWood0.mp4"", ""IsInstruction"": false, ""TrialOrder"": 35}"
lalala:lalala,40,1544991044072,"{""Rating"": ""70"", ""ReactionTime"": 5914, ""TrialName"": ""SphereOnFoam5DubbedPlate0.mp4"", ""IsInstruction"": false, ""TrialOrder"": 36}"
lalala:lalala,41,1544991051033,"{""Rating"": ""62"", ""ReactionTime"": 6959, ""TrialName"": ""SphereOnPlate2DubbedPlate0.mp4"", ""IsInstruction"": false, ""TrialOrder"": 37}"
lalala:lalala,42,1544991057582,"{""Rating"": ""37"", ""ReactionTime"": 6548, ""TrialName"": ""CylOnWood5DubbedPlate0.mp4"", ""IsInstruction"": false, ""TrialOrder"": 38}"
lalala:lalala,43,1544991065556,"{""Rating"": ""12"", ""ReactionTime"": 7972, ""TrialName"": ""CubeOnWood3DubbedWood0.mp4"", ""IsInstruction"": false, ""TrialOrder"": 39}"
lalala:lalala,44,1544991073498,"{""Rating"": ""8"", ""ReactionTime"": 7941, ""TrialName"": ""CubeOnWood1DubbedWood0.mp4"", ""IsInstruction"": false, ""TrialOrder"": 40}"
lalala:lalala,45,1544991080868,"{""Rating"": ""0"", ""ReactionTime"": 7369, ""TrialName"": ""SphereOnFoam0DubbedFoam0.mp4"", ""IsInstruction"": false, ""TrialOrder"": 41}"
lalala:lalala,46,1544991080871,"{""phase"": ""postquestionnaire"", ""status"": ""begin""}"
lalala:lalala,47,1544991148486,"{""phase"": ""postquestionnaire"", ""status"": ""submit""}"
ekx888:ekx888,0,1544991780116,"{""phase"": ""INSTRUCTQUIZ"", ""answer"": ""loudness"", ""question"": ""featureAttend""}"
ekx888:ekx888,1,1544991780117,"{""phase"": ""INSTRUCTQUIZ"", ""answer"": ""wood"", ""question"": ""constantObj""}"
ekx888:ekx888,2,1544991780118,"{""phase"": ""INSTRUCTQUIZ"", ""answer"": ""second"", ""question"": ""densOrder""}"
ekx888:ekx888,3,1544991798181,"{""Rating"": ""50"", ""ReactionTime"": 0, ""TrialName"": 2, ""IsInstruction"": true, ""TrialOrder"": 2}"
ekx888:ekx888,4,1544991810347,"{""Rating"": ""50"", ""ReactionTime"": 7974, ""TrialName"": ""SphereOnWood3DubbedWood0.mp4"", ""IsInstruction"": false, ""TrialOrder"": 0}"
ekx888:ekx888,5,1544991816416,"{""Rating"": ""79"", ""ReactionTime"": 6068, ""TrialName"": ""SphereOnPlate2DubbedPlate0.mp4"", ""IsInstruction"": false, ""TrialOrder"": 1}"
ekx888:ekx888,6,1544991823185,"{""Rating"": ""77"", ""ReactionTime"": 6767, ""TrialName"": ""CubeOnPlate0DubbedPlate0.mp4"", ""IsInstruction"": false, ""TrialOrder"": 2}"
ekx888:ekx888,7,1544991831055,"{""Rating"": ""6"", ""ReactionTime"": 7868, ""TrialName"": ""CubeOnFoam2DubbedFoam0.mp4"", ""IsInstruction"": false, ""TrialOrder"": 3}"
ekx888:ekx888,8,1544991838312,"{""Rating"": ""84"", ""ReactionTime"": 7256, ""TrialName"": ""SphereOnPlate1DubbedPlate0.mp4"", ""IsInstruction"": false, ""TrialOrder"": 4}"
ekx888:ekx888,9,1544991845142,"{""Rating"": ""88"", ""ReactionTime"": 6829, ""TrialName"": ""CubeOnWood5DubbedPlate0.mp4"", ""IsInstruction"": false, ""TrialOrder"": 5}"
ekx888:ekx888,10,1544991851314,"{""Rating"": ""86"", ""ReactionTime"": 6172, ""TrialName"": ""CubeOnPlate1DubbedPlate0.mp4"", ""IsInstruction"": false, ""TrialOrder"": 6}"
ekx888:ekx888,11,1544991857304,"{""Rating"": ""11"", ""ReactionTime"": 5989, ""TrialName"": ""CylOnFoam1DubbedFoam0.mp4"", ""IsInstruction"": false, ""TrialOrder"": 7}"
ekx888:ekx888,12,1544991863184,"{""Rating"": ""1"", ""ReactionTime"": 5879, ""TrialName"": ""SphereOnFoam0DubbedFoam0.mp4"", ""IsInstruction"": false, ""TrialOrder"": 8}"
ekx888:ekx888,13,1544991869137,"{""Rating"": ""35"", ""ReactionTime"": 5951, ""TrialName"": ""CylOnWood0DubbedWood0.mp4"", ""IsInstruction"": false, ""TrialOrder"": 9}"
ekx888:ekx888,14,1544991875129,"{""Rating"": ""0"", ""ReactionTime"": 5991, ""TrialName"": ""CylOnFoam0DubbedFoam0.mp4"", ""IsInstruction"": false, ""TrialOrder"": 10}"
ekx888:ekx888,15,1544991881649,"{""Rating"": ""0"", ""ReactionTime"": 6519, ""TrialName"": ""CubeOnFoam0DubbedFoam0.mp4"", ""IsInstruction"": false, ""TrialOrder"": 11}"
ekx888:ekx888,16,1544991889289,"{""Rating"": ""35"", ""ReactionTime"": 7639, ""TrialName"": ""CubeOnWood3DubbedWood0.mp4"", ""IsInstruction"": false, ""TrialOrder"": 12}"
ekx888:ekx888,17,1544991894962,"{""Rating"": ""85"", ""ReactionTime"": 5673, ""TrialName"": ""CylOnPlate0DubbedPlate0.mp4"", ""IsInstruction"": false, ""TrialOrder"": 13}"
ekx888:ekx888,18,1544991906369,"{""Rating"": ""15"", ""ReactionTime"": 11406, ""TrialName"": ""CubeOnFoam1DubbedFoam0.mp4"", ""IsInstruction"": false, ""TrialOrder"": 14}"
ekx888:ekx888,19,1544991912249,"{""Rating"": ""42"", ""ReactionTime"": 5878, ""TrialName"": ""SphereOnWood1DubbedWood0.mp4"", ""IsInstruction"": false, ""TrialOrder"": 15}"
ekx888:ekx888,20,1544991920629,"{""Rating"": ""83"", ""ReactionTime"": 8378, ""TrialName"": ""SphereOnPlate0DubbedPlate0.mp4"", ""IsInstruction"": false, ""TrialOrder"": 16}"
ekx888:ekx888,21,1544991927283,"{""Rating"": ""5"", ""ReactionTime"": 6653, ""TrialName"": ""SphereOnFoam1DubbedFoam0.mp4"", ""IsInstruction"": false, ""TrialOrder"": 17}"
ekx888:ekx888,22,1544991946022,"{""Rating"": ""0"", ""ReactionTime"": 18737, ""TrialName"": ""CubeOnFoam3DubbedFoam0.mp4"", ""IsInstruction"": false, ""TrialOrder"": 18}"
ekx888:ekx888,23,1544991952128,"{""Rating"": ""31"", ""ReactionTime"": 6105, ""TrialName"": ""CylOnWood2DubbedWood0.mp4"", ""IsInstruction"": false, ""TrialOrder"": 19}"
ekx888:ekx888,24,1544991958637,"{""Rating"": ""40"", ""ReactionTime"": 6508, ""TrialName"": ""CubeOnWood2DubbedWood0.mp4"", ""IsInstruction"": false, ""TrialOrder"": 20}"
ekx888:ekx888,25,1544991964743,"{""Rating"": ""6"", ""ReactionTime"": 6102, ""TrialName"": ""SphereOnWood4DubbedFoam0.mp4"", ""IsInstruction"": false, ""TrialOrder"": 21}"
ekx888:ekx888,26,1544991970001,"{""Rating"": ""88"", ""ReactionTime"": 5256, ""TrialName"": ""CylOnPlate3DubbedPlate0.mp4"", ""IsInstruction"": false, ""TrialOrder"": 22}"
ekx888:ekx888,27,1544991975745,"{""Rating"": ""35"", ""ReactionTime"": 5741, ""TrialName"": ""CubeOnWood0DubbedWood0.mp4"", ""IsInstruction"": false, ""TrialOrder"": 23}"
ekx888:ekx888,28,1544991981894,"{""Rating"": ""13"", ""ReactionTime"": 6148, ""TrialName"": ""CylOnFoam2DubbedFoam0.mp4"", ""IsInstruction"": false, ""TrialOrder"": 24}"
ekx888:ekx888,29,1544991988461,"{""Rating"": ""91"", ""ReactionTime"": 6565, ""TrialName"": ""CubeOnFoam5DubbedPlate0.mp4"", ""IsInstruction"": false, ""TrialOrder"": 25}"
ekx888:ekx888,30,1544991995568,"{""Rating"": ""38"", ""ReactionTime"": 7105, ""TrialName"": ""CylOnWood1DubbedWood0.mp4"", ""IsInstruction"": false, ""TrialOrder"": 26}"
ekx888:ekx888,31,1544992002080,"{""Rating"": ""40"", ""ReactionTime"": 6511, ""TrialName"": ""CylOnPlate4DubbedWood0.mp4"", ""IsInstruction"": false, ""TrialOrder"": 27}"
ekx888:ekx888,32,1544992008269,"{""Rating"": ""41"", ""ReactionTime"": 6187, ""TrialName"": ""SphereOnWood2DubbedWood0.mp4"", ""IsInstruction"": false, ""TrialOrder"": 28}"
ekx888:ekx888,33,1544992015963,"{""Rating"": ""8"", ""ReactionTime"": 7694, ""TrialName"": ""SphereOnFoam3DubbedFoam0.mp4"", ""IsInstruction"": false, ""TrialOrder"": 29}"
ekx888:ekx888,34,1544992022001,"{""Rating"": ""2"", ""ReactionTime"": 6037, ""TrialName"": ""SphereOnFoam2DubbedFoam0.mp4"", ""IsInstruction"": false, ""TrialOrder"": 30}"
ekx888:ekx888,35,1544992030109,"{""Rating"": ""1"", ""ReactionTime"": 8107, ""TrialName"": ""CylOnPlate5DubbedFoam0.mp4"", ""IsInstruction"": false, ""TrialOrder"": 31}"
ekx888:ekx888,36,1544992037698,"{""Rating"": ""28"", ""ReactionTime"": 7588, ""TrialName"": ""CylOnWood3DubbedWood0.mp4"", ""IsInstruction"": false, ""TrialOrder"": 32}"
ekx888:ekx888,37,1544992044011,"{""Rating"": ""27"", ""ReactionTime"": 6311, ""TrialName"": ""CubeOnWood1DubbedWood0.mp4"", ""IsInstruction"": false, ""TrialOrder"": 33}"
ekx888:ekx888,38,1544992062858,"{""Rating"": ""82"", ""ReactionTime"": 18846, ""TrialName"": ""CubeOnPlate2DubbedPlate0.mp4"", ""IsInstruction"": false, ""TrialOrder"": 34}"
ekx888:ekx888,39,1544992069627,"{""Rating"": ""66"", ""ReactionTime"": 6767, ""TrialName"": ""CubeOnPlate3DubbedPlate0.mp4"", ""IsInstruction"": false, ""TrialOrder"": 35}"
ekx888:ekx888,40,1544992076873,"{""Rating"": ""63"", ""ReactionTime"": 7246, ""TrialName"": ""CylOnPlate1DubbedPlate0.mp4"", ""IsInstruction"": false, ""TrialOrder"": 36}"
ekx888:ekx888,41,1544992084051,"{""Rating"": ""50"", ""ReactionTime"": 7177, ""TrialName"": ""CylOnPlate2DubbedPlate0.mp4"", ""IsInstruction"": false, ""TrialOrder"": 37}"
ekx888:ekx888,42,1544992090829,"{""Rating"": ""5"", ""ReactionTime"": 6778, ""TrialName"": ""CylOnFoam3DubbedFoam0.mp4"", ""IsInstruction"": false, ""TrialOrder"": 38}"
ekx888:ekx888,43,1544992101528,"{""Rating"": ""19"", ""ReactionTime"": 10698, ""TrialName"": ""CylOnFoam4DubbedWood0.mp4"", ""IsInstruction"": false, ""TrialOrder"": 39}"
ekx888:ekx888,44,1544992107914,"{""Rating"": ""22"", ""ReactionTime"": 6385, ""TrialName"": ""SphereOnWood0DubbedWood0.mp4"", ""IsInstruction"": false, ""TrialOrder"": 40}"
ekx888:ekx888,45,1544992115846,"{""Rating"": ""76"", ""ReactionTime"": 7930, ""TrialName"": ""SphereOnPlate3DubbedPlate0.mp4"", ""IsInstruction"": false, ""TrialOrder"": 41}"
ekx888:ekx888,46,1544992115857,"{""phase"": ""postquestionnaire"", ""status"": ""begin""}"
ekx888:ekx888,47,1544992174414,"{""phase"": ""postquestionnaire"", ""status"": ""submit""}"
HELLO:HELLO,0,1545006574201,"{""phase"": ""INSTRUCTQUIZ"", ""answer"": ""material"", ""question"": ""featureAttend""}"
HELLO:HELLO,1,1545006574201,"{""phase"": ""INSTRUCTQUIZ"", ""answer"": ""wood"", ""question"": ""constantObj""}"
HELLO:HELLO,2,1545006574201,"{""phase"": ""INSTRUCTQUIZ"", ""answer"": ""second"", ""question"": ""densOrder""}"
HELLO:HELLO,3,1545006577233,"{""phase"": ""INSTRUCTIONS"", ""templates"": [""instructions/instruct-1.html""], ""action"": ""Begin""}"
HELLO:HELLO,4,1545006579770,"{""phase"": ""INSTRUCTIONS"", ""indexOf"": 0, ""viewTime"": 2534, ""action"": ""FinishInstructions"", ""template"": ""instructions/instruct-1.html""}"
HELLO:HELLO,5,1545006654459,"{""phase"": ""INSTRUCTQUIZ"", ""answer"": ""loudness"", ""question"": ""featureAttend""}"
HELLO:HELLO,6,1545006654459,"{""phase"": ""INSTRUCTQUIZ"", ""answer"": ""wood"", ""question"": ""constantObj""}"
HELLO:HELLO,7,1545006654459,"{""phase"": ""INSTRUCTQUIZ"", ""answer"": ""second"", ""question"": ""densOrder""}"
HELLO:HELLO,8,1545006664082,"{""Rating"": ""22"", ""ReactionTime"": 0, ""TrialName"": 2, ""IsInstruction"": true, ""TrialOrder"": 2}"
HELLO:HELLO,9,1545006688380,"{""Rating"": ""86"", ""ReactionTime"": 21412, ""TrialName"": ""CubeOnPlate3DubbedPlate0.mp4"", ""IsInstruction"": false, ""TrialOrder"": 0}"
HELLO:HELLO,10,1545006700823,"{""Rating"": ""46"", ""ReactionTime"": 12442, ""TrialName"": ""SphereOnWood1DubbedWood0.mp4"", ""IsInstruction"": false, ""TrialOrder"": 1}"
HELLO:HELLO,11,1545006709848,"{""Rating"": ""19"", ""ReactionTime"": 9023, ""TrialName"": ""CubeOnFoam0DubbedFoam0.mp4"", ""IsInstruction"": false, ""TrialOrder"": 2}"
HELLO:HELLO,12,1545006720125,"{""Rating"": ""6"", ""ReactionTime"": 10276, ""TrialName"": ""CubeOnFoam2DubbedFoam0.mp4"", ""IsInstruction"": false, ""TrialOrder"": 3}"
HELLO:HELLO,13,1545006746570,"{""Rating"": ""92"", ""ReactionTime"": 26444, ""TrialName"": ""CylOnPlate3DubbedPlate0.mp4"", ""IsInstruction"": false, ""TrialOrder"": 4}"
HELLO:HELLO,14,1545006752758,"{""Rating"": ""5"", ""ReactionTime"": 6187, ""TrialName"": ""SphereOnFoam0DubbedFoam0.mp4"", ""IsInstruction"": false, ""TrialOrder"": 5}"
HELLO:HELLO,15,1545006760879,"{""Rating"": ""93"", ""ReactionTime"": 8120, ""TrialName"": ""CylOnPlate1DubbedPlate0.mp4"", ""IsInstruction"": false, ""TrialOrder"": 6}"
HELLO:HELLO,16,1545006767676,"{""Rating"": ""50"", ""ReactionTime"": 6794, ""TrialName"": ""CubeOnWood1DubbedWood0.mp4"", ""IsInstruction"": false, ""TrialOrder"": 7}"
HELLO:HELLO,17,1545006772579,"{""Rating"": ""50"", ""ReactionTime"": 4902, ""TrialName"": ""SphereOnWood0DubbedWood0.mp4"", ""IsInstruction"": false, ""TrialOrder"": 8}"
HELLO:HELLO,18,1545006777731,"{""Rating"": ""14"", ""ReactionTime"": 5151, ""TrialName"": ""CylOnWood4DubbedFoam0.mp4"", ""IsInstruction"": false, ""TrialOrder"": 9}"
HELLO:HELLO,19,1545006783424,"{""Rating"": ""50"", ""ReactionTime"": 5691, ""TrialName"": ""CylOnWood2DubbedWood0.mp4"", ""IsInstruction"": false, ""TrialOrder"": 10}"
HELLO:HELLO,20,1545006793658,"{""Rating"": ""94"", ""ReactionTime"": 10232, ""TrialName"": ""CubeOnPlate1DubbedPlate0.mp4"", ""IsInstruction"": false, ""TrialOrder"": 11}"
HELLO:HELLO,21,1545006799140,"{""Rating"": ""50"", ""ReactionTime"": 5480, ""TrialName"": ""SphereOnWood2DubbedWood0.mp4"", ""IsInstruction"": false, ""TrialOrder"": 12}"
HELLO:HELLO,22,1545006804512,"{""Rating"": ""50"", ""ReactionTime"": 5371, ""TrialName"": ""SphereOnPlate4DubbedWood0.mp4"", ""IsInstruction"": false, ""TrialOrder"": 13}"
HELLO:HELLO,23,1545006811123,"{""Rating"": ""53"", ""ReactionTime"": 6610, ""TrialName"": ""CylOnWood0DubbedWood0.mp4"", ""IsInstruction"": false, ""TrialOrder"": 14}"
HELLO:HELLO,24,1545006815987,"{""Rating"": ""3"", ""ReactionTime"": 4863, ""TrialName"": ""CubeOnFoam1DubbedFoam0.mp4"", ""IsInstruction"": false, ""TrialOrder"": 15}"
HELLO:HELLO,25,1545006821196,"{""Rating"": ""95"", ""ReactionTime"": 5208, ""TrialName"": ""SphereOnPlate0DubbedPlate0.mp4"", ""IsInstruction"": false, ""TrialOrder"": 16}"
HELLO:HELLO,26,1545006826111,"{""Rating"": ""97"", ""ReactionTime"": 4913, ""TrialName"": ""CubeOnPlate0DubbedPlate0.mp4"", ""IsInstruction"": false, ""TrialOrder"": 17}"
HELLO:HELLO,27,1545006831249,"{""Rating"": ""6"", ""ReactionTime"": 5138, ""TrialName"": ""CylOnFoam3DubbedFoam0.mp4"", ""IsInstruction"": false, ""TrialOrder"": 18}"
HELLO:HELLO,28,1545006836658,"{""Rating"": ""93"", ""ReactionTime"": 5408, ""TrialName"": ""CylOnPlate2DubbedPlate0.mp4"", ""IsInstruction"": false, ""TrialOrder"": 19}"
HELLO:HELLO,29,1545006843182,"{""Rating"": ""97"", ""ReactionTime"": 6523, ""TrialName"": ""CylOnFoam5DubbedPlate0.mp4"", ""IsInstruction"": false, ""TrialOrder"": 20}"
HELLO:HELLO,30,1545006849017,"{""Rating"": ""50"", ""ReactionTime"": 5833, ""TrialName"": ""CylOnWood1DubbedWood0.mp4"", ""IsInstruction"": false, ""TrialOrder"": 21}"
HELLO:HELLO,31,1545006854385,"{""Rating"": ""50"", ""ReactionTime"": 5366, ""TrialName"": ""CylOnWood3DubbedWood0.mp4"", ""IsInstruction"": false, ""TrialOrder"": 22}"
HELLO:HELLO,32,1545006860093,"{""Rating"": ""7"", ""ReactionTime"": 5707, ""TrialName"": ""CylOnFoam1DubbedFoam0.mp4"", ""IsInstruction"": false, ""TrialOrder"": 23}"
HELLO:HELLO,33,1545006865339,"{""Rating"": ""93"", ""ReactionTime"": 5245, ""TrialName"": ""SphereOnPlate3DubbedPlate0.mp4"", ""IsInstruction"": false, ""TrialOrder"": 24}"
HELLO:HELLO,34,1545006871944,"{""Rating"": ""94"", ""ReactionTime"": 6604, ""TrialName"": ""CylOnPlate0DubbedPlate0.mp4"", ""IsInstruction"": false, ""TrialOrder"": 25}"
HELLO:HELLO,35,1545006877018,"{""Rating"": ""12"", ""ReactionTime"": 5072, ""TrialName"": ""SphereOnFoam1DubbedFoam0.mp4"", ""IsInstruction"": false, ""TrialOrder"": 26}"
HELLO:HELLO,36,1545006882626,"{""Rating"": ""96"", ""ReactionTime"": 5606, ""TrialName"": ""SphereOnPlate1DubbedPlate0.mp4"", ""IsInstruction"": false, ""TrialOrder"": 27}"
HELLO:HELLO,37,1545006888145,"{""Rating"": ""50"", ""ReactionTime"": 5518, ""TrialName"": ""CubeOnWood3DubbedWood0.mp4"", ""IsInstruction"": false, ""TrialOrder"": 28}"
HELLO:HELLO,38,1545006893747,"{""Rating"": ""7"", ""ReactionTime"": 5601, ""TrialName"": ""CylOnFoam2DubbedFoam0.mp4"", ""IsInstruction"": false, ""TrialOrder"": 29}"
HELLO:HELLO,39,1545006899498,"{""Rating"": ""7"", ""ReactionTime"": 5750, ""TrialName"": ""CylOnPlate5DubbedFoam0.mp4"", ""IsInstruction"": false, ""TrialOrder"": 30}"
HELLO:HELLO,40,1545006904415,"{""Rating"": ""5"", ""ReactionTime"": 4917, ""TrialName"": ""CylOnFoam0DubbedFoam0.mp4"", ""IsInstruction"": false, ""TrialOrder"": 31}"
HELLO:HELLO,41,1545006909823,"{""Rating"": ""50"", ""ReactionTime"": 5407, ""TrialName"": ""CubeOnWood0DubbedWood0.mp4"", ""IsInstruction"": false, ""TrialOrder"": 32}"
HELLO:HELLO,42,1545006915533,"{""Rating"": ""50"", ""ReactionTime"": 5708, ""TrialName"": ""CubeOnWood2DubbedWood0.mp4"", ""IsInstruction"": false, ""TrialOrder"": 33}"
HELLO:HELLO,43,1545006921289,"{""Rating"": ""4"", ""ReactionTime"": 5755, ""TrialName"": ""SphereOnFoam3DubbedFoam0.mp4"", ""IsInstruction"": false, ""TrialOrder"": 34}"
HELLO:HELLO,44,1545006926376,"{""Rating"": ""50"", ""ReactionTime"": 5087, ""TrialName"": ""SphereOnWood3DubbedWood0.mp4"", ""IsInstruction"": false, ""TrialOrder"": 35}"
HELLO:HELLO,45,1545006931173,"{""Rating"": ""50"", ""ReactionTime"": 4796, ""TrialName"": ""CylOnFoam4DubbedWood0.mp4"", ""IsInstruction"": false, ""TrialOrder"": 36}"
HELLO:HELLO,46,1545006937923,"{""Rating"": ""98"", ""ReactionTime"": 6749, ""TrialName"": ""CubeOnPlate2DubbedPlate0.mp4"", ""IsInstruction"": false, ""TrialOrder"": 37}"
HELLO:HELLO,47,1545006943402,"{""Rating"": ""97"", ""ReactionTime"": 5476, ""TrialName"": ""SphereOnPlate2DubbedPlate0.mp4"", ""IsInstruction"": false, ""TrialOrder"": 38}"
HELLO:HELLO,48,1545006948642,"{""Rating"": ""3"", ""ReactionTime"": 5240, ""TrialName"": ""SphereOnFoam2DubbedFoam0.mp4"", ""IsInstruction"": false, ""TrialOrder"": 39}"
HELLO:HELLO,49,1545006954487,"{""Rating"": ""5"", ""ReactionTime"": 5845, ""TrialName"": ""CubeOnFoam3DubbedFoam0.mp4"", ""IsInstruction"": false, ""TrialOrder"": 40}"
HELLO:HELLO,50,1545006960144,"{""Rating"": ""95"", ""ReactionTime"": 5656, ""TrialName"": ""SphereOnWood5DubbedPlate0.mp4"", ""IsInstruction"": false, ""TrialOrder"": 41}"
HELLO:HELLO,51,1545006960146,"{""phase"": ""postquestionnaire"", ""status"": ""begin""}"
HELLO:HELLO,52,1545007176115,"{""phase"": ""postquestionnaire"", ""status"": ""submit""}"
boop:boop,0,1545007345359,"{""phase"": ""INSTRUCTQUIZ"", ""answer"": ""loudness"", ""question"": ""featureAttend""}"
boop:boop,1,1545007345359,"{""phase"": ""INSTRUCTQUIZ"", ""answer"": ""wood"", ""question"": ""constantObj""}"
boop:boop,2,1545007345359,"{""phase"": ""INSTRUCTQUIZ"", ""answer"": ""second"", ""question"": ""densOrder""}"
boop:boop,3,1545007360606,"{""Rating"": ""46"", ""ReactionTime"": 0, ""TrialName"": 2, ""IsInstruction"": true, ""TrialOrder"": 2}"
boop:boop,4,1545007373253,"{""Rating"": ""80"", ""ReactionTime"": 8694, ""TrialName"": ""CylOnPlate0DubbedPlate0.mp4"", ""IsInstruction"": false, ""TrialOrder"": 0}"
boop:boop,5,1545007380353,"{""Rating"": ""83"", ""ReactionTime"": 7098, ""TrialName"": ""SphereOnPlate2DubbedPlate0.mp4"", ""IsInstruction"": false, ""TrialOrder"": 1}"
boop:boop,6,1545007389259,"{""Rating"": ""1"", ""ReactionTime"": 8905, ""TrialName"": ""CubeOnFoam3DubbedFoam0.mp4"", ""IsInstruction"": false, ""TrialOrder"": 2}"
boop:boop,7,1545007399127,"{""Rating"": ""75"", ""ReactionTime"": 9867, ""TrialName"": ""CubeOnPlate2DubbedPlate0.mp4"", ""IsInstruction"": false, ""TrialOrder"": 3}"
boop:boop,8,1545007406133,"{""Rating"": ""46"", ""ReactionTime"": 7005, ""TrialName"": ""CylOnWood2DubbedWood0.mp4"", ""IsInstruction"": false, ""TrialOrder"": 4}"
boop:boop,9,1545007413048,"{""Rating"": ""72"", ""ReactionTime"": 6912, ""TrialName"": ""CylOnPlate1DubbedPlate0.mp4"", ""IsInstruction"": false, ""TrialOrder"": 5}"
boop:boop,10,1545007423504,"{""Rating"": ""81"", ""ReactionTime"": 10456, ""TrialName"": ""CylOnPlate3DubbedPlate0.mp4"", ""IsInstruction"": false, ""TrialOrder"": 6}"
boop:boop,11,1545007431949,"{""Rating"": ""85"", ""ReactionTime"": 8443, ""TrialName"": ""SphereOnPlate3DubbedPlate0.mp4"", ""IsInstruction"": false, ""TrialOrder"": 7}"
boop:boop,12,1545007440591,"{""Rating"": ""1"", ""ReactionTime"": 8641, ""TrialName"": ""CylOnFoam0DubbedFoam0.mp4"", ""IsInstruction"": false, ""TrialOrder"": 8}"
boop:boop,13,1545007450330,"{""Rating"": ""1"", ""ReactionTime"": 9738, ""TrialName"": ""SphereOnFoam2DubbedFoam0.mp4"", ""IsInstruction"": false, ""TrialOrder"": 9}"
boop:boop,14,1545007459488,"{""Rating"": ""1"", ""ReactionTime"": 9157, ""TrialName"": ""CubeOnFoam1DubbedFoam0.mp4"", ""IsInstruction"": false, ""TrialOrder"": 10}"
boop:boop,15,1545007468122,"{""Rating"": ""1"", ""ReactionTime"": 8632, ""TrialName"": ""CylOnFoam2DubbedFoam0.mp4"", ""IsInstruction"": false, ""TrialOrder"": 11}"
boop:boop,16,1545007474724,"{""Rating"": ""43"", ""ReactionTime"": 6600, ""TrialName"": ""SphereOnWood1DubbedWood0.mp4"", ""IsInstruction"": false, ""TrialOrder"": 12}"
boop:boop,17,1545007482634,"{""Rating"": ""75"", ""ReactionTime"": 7909, ""TrialName"": ""SphereOnPlate1DubbedPlate0.mp4"", ""IsInstruction"": false, ""TrialOrder"": 13}"
boop:boop,18,1545007492118,"{""Rating"": ""43"", ""ReactionTime"": 9482, ""TrialName"": ""SphereOnPlate4DubbedWood0.mp4"", ""IsInstruction"": false, ""TrialOrder"": 14}"
boop:boop,19,1545007498998,"{""Rating"": ""38"", ""ReactionTime"": 6878, ""TrialName"": ""SphereOnWood0DubbedWood0.mp4"", ""IsInstruction"": false, ""TrialOrder"": 15}"
boop:boop,20,1545007509430,"{""Rating"": ""1"", ""ReactionTime"": 10431, ""TrialName"": ""CubeOnFoam2DubbedFoam0.mp4"", ""IsInstruction"": false, ""TrialOrder"": 16}"
boop:boop,21,1545007518502,"{""Rating"": ""1"", ""ReactionTime"": 9070, ""TrialName"": ""CylOnFoam1DubbedFoam0.mp4"", ""IsInstruction"": false, ""TrialOrder"": 17}"
boop:boop,22,1545008005482,"{""Rating"": ""2"", ""ReactionTime"": 486979, ""TrialName"": ""CubeOnFoam0DubbedFoam0.mp4"", ""IsInstruction"": false, ""TrialOrder"": 18}"
boop:boop,23,1545008021591,"{""Rating"": ""81"", ""ReactionTime"": 16105, ""TrialName"": ""CubeOnWood5DubbedPlate0.mp4"", ""IsInstruction"": false, ""TrialOrder"": 19}"
boop:boop,24,1545008029527,"{""Rating"": ""42"", ""ReactionTime"": 7933, ""TrialName"": ""CylOnWood1DubbedWood0.mp4"", ""IsInstruction"": false, ""TrialOrder"": 20}"
boop:boop,25,1545008038979,"{""Rating"": ""1"", ""ReactionTime"": 9448, ""TrialName"": ""CylOnFoam3DubbedFoam0.mp4"", ""IsInstruction"": false, ""TrialOrder"": 21}"
boop:boop,26,1545008045471,"{""Rating"": ""41"", ""ReactionTime"": 6488, ""TrialName"": ""CylOnWood0DubbedWood0.mp4"", ""IsInstruction"": false, ""TrialOrder"": 22}"
boop:boop,27,1545008059488,"{""Rating"": ""72"", ""ReactionTime"": 14013, ""TrialName"": ""CubeOnPlate0DubbedPlate0.mp4"", ""IsInstruction"": false, ""TrialOrder"": 23}"
boop:boop,28,1545008067698,"{""Rating"": ""76"", ""ReactionTime"": 8205, ""TrialName"": ""CylOnPlate2DubbedPlate0.mp4"", ""IsInstruction"": false, ""TrialOrder"": 24}"
boop:boop,29,1545008075303,"{""Rating"": ""39"", ""ReactionTime"": 7604, ""TrialName"": ""SphereOnFoam4DubbedWood0.mp4"", ""IsInstruction"": false, ""TrialOrder"": 25}"
boop:boop,30,1545008086096,"{""Rating"": ""42"", ""ReactionTime"": 10788, ""TrialName"": ""CylOnWood3DubbedWood0.mp4"", ""IsInstruction"": false, ""TrialOrder"": 26}"
boop:boop,31,1545008096991,"{""Rating"": ""1"", ""ReactionTime"": 10892, ""TrialName"": ""SphereOnFoam0DubbedFoam0.mp4"", ""IsInstruction"": false, ""TrialOrder"": 27}"
boop:boop,32,1545008107338,"{""Rating"": ""1"", ""ReactionTime"": 10346, ""TrialName"": ""CubeOnPlate5DubbedFoam0.mp4"", ""IsInstruction"": false, ""TrialOrder"": 28}"
boop:boop,33,1545008114588,"{""Rating"": ""77"", ""ReactionTime"": 7246, ""TrialName"": ""SphereOnPlate0DubbedPlate0.mp4"", ""IsInstruction"": false, ""TrialOrder"": 29}"
boop:boop,34,1545008122380,"{""Rating"": ""46"", ""ReactionTime"": 7789, ""TrialName"": ""CubeOnWood3DubbedWood0.mp4"", ""IsInstruction"": false, ""TrialOrder"": 30}"
boop:boop,35,1545008150672,"{""Rating"": ""42"", ""ReactionTime"": 28289, ""TrialName"": ""CubeOnPlate1DubbedPlate0.mp4"", ""IsInstruction"": false, ""TrialOrder"": 31}"
boop:boop,36,1545008156824,"{""Rating"": ""44"", ""ReactionTime"": 6148, ""TrialName"": ""CubeOnWood1DubbedWood0.mp4"", ""IsInstruction"": false, ""TrialOrder"": 32}"
boop:boop,37,1545008164001,"{""Rating"": ""44"", ""ReactionTime"": 7173, ""TrialName"": ""SphereOnWood2DubbedWood0.mp4"", ""IsInstruction"": false, ""TrialOrder"": 33}"
boop:boop,38,1545008176784,"{""Rating"": ""79"", ""ReactionTime"": 12780, ""TrialName"": ""CylOnFoam5DubbedPlate0.mp4"", ""IsInstruction"": false, ""TrialOrder"": 34}"
boop:boop,39,1545008186042,"{""Rating"": ""2"", ""ReactionTime"": 9255, ""TrialName"": ""SphereOnFoam3DubbedFoam0.mp4"", ""IsInstruction"": false, ""TrialOrder"": 35}"
boop:boop,40,1545008194193,"{""Rating"": ""44"", ""ReactionTime"": 8147, ""TrialName"": ""SphereOnWood3DubbedWood0.mp4"", ""IsInstruction"": false, ""TrialOrder"": 36}"
boop:boop,41,1545008202978,"{""Rating"": ""79"", ""ReactionTime"": 8784, ""TrialName"": ""CubeOnPlate3DubbedPlate0.mp4"", ""IsInstruction"": false, ""TrialOrder"": 37}"
boop:boop,42,1545008215469,"{""Rating"": ""2"", ""ReactionTime"": 12488, ""TrialName"": ""SphereOnWood4DubbedFoam0.mp4"", ""IsInstruction"": false, ""TrialOrder"": 38}"
boop:boop,43,1545008222673,"{""Rating"": ""43"", ""ReactionTime"": 7200, ""TrialName"": ""CubeOnWood2DubbedWood0.mp4"", ""IsInstruction"": false, ""TrialOrder"": 39}"
boop:boop,44,1545008229704,"{""Rating"": ""44"", ""ReactionTime"": 7030, ""TrialName"": ""CubeOnWood0DubbedWood0.mp4"", ""IsInstruction"": false, ""TrialOrder"": 40}"
boop:boop,45,1545008237826,"{""Rating"": ""2"", ""ReactionTime"": 8120, ""TrialName"": ""SphereOnFoam1DubbedFoam0.mp4"", ""IsInstruction"": false, ""TrialOrder"": 41}"
boop:boop,46,1545008237835,"{""phase"": ""postquestionnaire"", ""status"": ""begin""}"
boop:boop,47,1545008407344,"{""phase"": ""postquestionnaire"", ""status"": ""submit""}"
awesome:awesome,0,1545007211116,"{""phase"": ""INSTRUCTQUIZ"", ""answer"": ""loudness"", ""question"": ""featureAttend""}"
awesome:awesome,1,1545007211116,"{""phase"": ""INSTRUCTQUIZ"", ""answer"": ""wood"", ""question"": ""constantObj""}"
awesome:awesome,2,1545007211116,"{""phase"": ""INSTRUCTQUIZ"", ""answer"": ""third"", ""question"": ""densOrder""}"
awesome:awesome,3,1545007214142,"{""phase"": ""INSTRUCTIONS"", ""templates"": [""instructions/instruct-1.html""], ""action"": ""Begin""}"
awesome:awesome,4,1545007216288,"{""phase"": ""INSTRUCTIONS"", ""indexOf"": 0, ""viewTime"": 2142, ""action"": ""FinishInstructions"", ""template"": ""instructions/instruct-1.html""}"
awesome:awesome,5,1545007275115,"{""phase"": ""INSTRUCTQUIZ"", ""answer"": ""loudness"", ""question"": ""featureAttend""}"
awesome:awesome,6,1545007275115,"{""phase"": ""INSTRUCTQUIZ"", ""answer"": ""wood"", ""question"": ""constantObj""}"
awesome:awesome,7,1545007275116,"{""phase"": ""INSTRUCTQUIZ"", ""answer"": ""second"", ""question"": ""densOrder""}"
awesome:awesome,8,1545007284045,"{""Rating"": ""22"", ""ReactionTime"": 0, ""TrialName"": 2, ""IsInstruction"": true, ""TrialOrder"": 2}"
awesome:awesome,9,1545007300066,"{""Rating"": ""60"", ""ReactionTime"": 13411, ""TrialName"": ""CubeOnPlate2DubbedPlate0.mp4"", ""IsInstruction"": false, ""TrialOrder"": 0}"
awesome:awesome,10,1545007306053,"{""Rating"": ""42"", ""ReactionTime"": 5984, ""TrialName"": ""SphereOnWood2DubbedWood0.mp4"", ""IsInstruction"": false, ""TrialOrder"": 1}"
awesome:awesome,11,1545007314413,"{""Rating"": ""5"", ""ReactionTime"": 8357, ""TrialName"": ""SphereOnFoam0DubbedFoam0.mp4"", ""IsInstruction"": false, ""TrialOrder"": 2}"
awesome:awesome,12,1545007319639,"{""Rating"": ""57"", ""ReactionTime"": 5224, ""TrialName"": ""CubeOnPlate0DubbedPlate0.mp4"", ""IsInstruction"": false, ""TrialOrder"": 3}"
awesome:awesome,13,1545007326725,"{""Rating"": ""60"", ""ReactionTime"": 7082, ""TrialName"": ""CylOnPlate0DubbedPlate0.mp4"", ""IsInstruction"": false, ""TrialOrder"": 4}"
awesome:awesome,14,1545007333001,"{""Rating"": ""58"", ""ReactionTime"": 6272, ""TrialName"": ""CylOnFoam5DubbedPlate0.mp4"", ""IsInstruction"": false, ""TrialOrder"": 5}"
awesome:awesome,15,1545007339789,"{""Rating"": ""4"", ""ReactionTime"": 6784, ""TrialName"": ""CubeOnFoam1DubbedFoam0.mp4"", ""IsInstruction"": false, ""TrialOrder"": 6}"
awesome:awesome,16,1545007346259,"{""Rating"": ""43"", ""ReactionTime"": 6467, ""TrialName"": ""CubeOnWood1DubbedWood0.mp4"", ""IsInstruction"": false, ""TrialOrder"": 7}"
awesome:awesome,17,1545007352802,"{""Rating"": ""34"", ""ReactionTime"": 6541, ""TrialName"": ""CylOnFoam4DubbedWood0.mp4"", ""IsInstruction"": false, ""TrialOrder"": 8}"
awesome:awesome,18,1545007358765,"{""Rating"": ""58"", ""ReactionTime"": 5959, ""TrialName"": ""CubeOnPlate3DubbedPlate0.mp4"", ""IsInstruction"": false, ""TrialOrder"": 9}"
awesome:awesome,19,1545007365141,"{""Rating"": ""72"", ""ReactionTime"": 6374, ""TrialName"": ""SphereOnPlate2DubbedPlate0.mp4"", ""IsInstruction"": false, ""TrialOrder"": 10}"
awesome:awesome,20,1545007371705,"{""Rating"": ""63"", ""ReactionTime"": 6560, ""TrialName"": ""SphereOnPlate3DubbedPlate0.mp4"", ""IsInstruction"": false, ""TrialOrder"": 11}"
awesome:awesome,21,1545007385272,"{""Rating"": ""7"", ""ReactionTime"": 13566, ""TrialName"": ""SphereOnFoam3DubbedFoam0.mp4"", ""IsInstruction"": false, ""TrialOrder"": 12}"
awesome:awesome,22,1545007395975,"{""Rating"": ""11"", ""ReactionTime"": 10699, ""TrialName"": ""CylOnFoam0DubbedFoam0.mp4"", ""IsInstruction"": false, ""TrialOrder"": 13}"
awesome:awesome,23,1545007402070,"{""Rating"": ""28"", ""ReactionTime"": 6092, ""TrialName"": ""CylOnWood1DubbedWood0.mp4"", ""IsInstruction"": false, ""TrialOrder"": 14}"
awesome:awesome,24,1545007408430,"{""Rating"": ""1"", ""ReactionTime"": 6357, ""TrialName"": ""CylOnFoam1DubbedFoam0.mp4"", ""IsInstruction"": false, ""TrialOrder"": 15}"
awesome:awesome,25,1545007415856,"{""Rating"": ""4"", ""ReactionTime"": 7422, ""TrialName"": ""CubeOnFoam0DubbedFoam0.mp4"", ""IsInstruction"": false, ""TrialOrder"": 16}"
awesome:awesome,26,1545007422602,"{""Rating"": ""63"", ""ReactionTime"": 6743, ""TrialName"": ""CubeOnPlate1DubbedPlate0.mp4"", ""IsInstruction"": false, ""TrialOrder"": 17}"
awesome:awesome,27,1545007430683,"{""Rating"": ""45"", ""ReactionTime"": 8078, ""TrialName"": ""SphereOnWood0DubbedWood0.mp4"", ""IsInstruction"": false, ""TrialOrder"": 18}"
awesome:awesome,28,1545007437246,"{""Rating"": ""43"", ""ReactionTime"": 6560, ""TrialName"": ""CubeOnWood3DubbedWood0.mp4"", ""IsInstruction"": false, ""TrialOrder"": 19}"
awesome:awesome,29,1545007442989,"{""Rating"": ""67"", ""ReactionTime"": 5740, ""TrialName"": ""CylOnPlate3DubbedPlate0.mp4"", ""IsInstruction"": false, ""TrialOrder"": 20}"
awesome:awesome,30,1545007449270,"{""Rating"": ""59"", ""ReactionTime"": 6280, ""TrialName"": ""CylOnWood5DubbedPlate0.mp4"", ""IsInstruction"": false, ""TrialOrder"": 21}"
awesome:awesome,31,1545007456055,"{""Rating"": ""26"", ""ReactionTime"": 6781, ""TrialName"": ""CubeOnWood2DubbedWood0.mp4"", ""IsInstruction"": false, ""TrialOrder"": 22}"
awesome:awesome,32,1545007463813,"{""Rating"": ""69"", ""ReactionTime"": 7755, ""TrialName"": ""SphereOnPlate1DubbedPlate0.mp4"", ""IsInstruction"": false, ""TrialOrder"": 23}"
awesome:awesome,33,1545007471782,"{""Rating"": ""35"", ""ReactionTime"": 7965, ""TrialName"": ""SphereOnPlate5DubbedFoam0.mp4"", ""IsInstruction"": false, ""TrialOrder"": 24}"
awesome:awesome,34,1545007481831,"{""Rating"": ""37"", ""ReactionTime"": 10047, ""TrialName"": ""CylOnWood0DubbedWood0.mp4"", ""IsInstruction"": false, ""TrialOrder"": 25}"
awesome:awesome,35,1545007489461,"{""Rating"": ""40"", ""ReactionTime"": 7626, ""TrialName"": ""CubeOnWood0DubbedWood0.mp4"", ""IsInstruction"": false, ""TrialOrder"": 26}"
awesome:awesome,36,1545007496099,"{""Rating"": ""4"", ""ReactionTime"": 6635, ""TrialName"": ""CubeOnFoam2DubbedFoam0.mp4"", ""IsInstruction"": false, ""TrialOrder"": 27}"
awesome:awesome,37,1545007503560,"{""Rating"": ""7"", ""ReactionTime"": 7458, ""TrialName"": ""SphereOnFoam1DubbedFoam0.mp4"", ""IsInstruction"": false, ""TrialOrder"": 28}"
awesome:awesome,38,1545007511241,"{""Rating"": ""39"", ""ReactionTime"": 7678, ""TrialName"": ""CylOnWood2DubbedWood0.mp4"", ""IsInstruction"": false, ""TrialOrder"": 29}"
awesome:awesome,39,1545007519136,"{""Rating"": ""8"", ""ReactionTime"": 7893, ""TrialName"": ""CylOnFoam2DubbedFoam0.mp4"", ""IsInstruction"": false, ""TrialOrder"": 30}"
awesome:awesome,40,1545007526837,"{""Rating"": ""8"", ""ReactionTime"": 7698, ""TrialName"": ""CylOnFoam3DubbedFoam0.mp4"", ""IsInstruction"": false, ""TrialOrder"": 31}"
awesome:awesome,41,1545007533638,"{""Rating"": ""67"", ""ReactionTime"": 6798, ""TrialName"": ""CylOnPlate2DubbedPlate0.mp4"", ""IsInstruction"": false, ""TrialOrder"": 32}"
awesome:awesome,42,1545007542257,"{""Rating"": ""19"", ""ReactionTime"": 8615, ""TrialName"": ""CylOnWood4DubbedFoam0.mp4"", ""IsInstruction"": false, ""TrialOrder"": 33}"
awesome:awesome,43,1545007549282,"{""Rating"": ""28"", ""ReactionTime"": 7022, ""TrialName"": ""CylOnWood3DubbedWood0.mp4"", ""IsInstruction"": false, ""TrialOrder"": 34}"
awesome:awesome,44,1545007556077,"{""Rating"": ""60"", ""ReactionTime"": 6792, ""TrialName"": ""CylOnPlate1DubbedPlate0.mp4"", ""IsInstruction"": false, ""TrialOrder"": 35}"
awesome:awesome,45,1545007562463,"{""Rating"": ""50"", ""ReactionTime"": 6383, ""TrialName"": ""SphereOnWood3DubbedWood0.mp4"", ""IsInstruction"": false, ""TrialOrder"": 36}"
awesome:awesome,46,1545007569306,"{""Rating"": ""69"", ""ReactionTime"": 6840, ""TrialName"": ""SphereOnPlate0DubbedPlate0.mp4"", ""IsInstruction"": false, ""TrialOrder"": 37}"
awesome:awesome,47,1545007582586,"{""Rating"": ""45"", ""ReactionTime"": 13277, ""TrialName"": ""SphereOnPlate4DubbedWood0.mp4"", ""IsInstruction"": false, ""TrialOrder"": 38}"
awesome:awesome,48,1545007589418,"{""Rating"": ""20"", ""ReactionTime"": 6829, ""TrialName"": ""CubeOnFoam3DubbedFoam0.mp4"", ""IsInstruction"": false, ""TrialOrder"": 39}"
awesome:awesome,49,1545007596248,"{""Rating"": ""0"", ""ReactionTime"": 6827, ""TrialName"": ""SphereOnFoam2DubbedFoam0.mp4"", ""IsInstruction"": false, ""TrialOrder"": 40}"
awesome:awesome,50,1545007603771,"{""Rating"": ""31"", ""ReactionTime"": 7520, ""TrialName"": ""SphereOnWood1DubbedWood0.mp4"", ""IsInstruction"": false, ""TrialOrder"": 41}"
awesome:awesome,51,1545007603778,"{""phase"": ""postquestionnaire"", ""status"": ""begin""}"
awesome:awesome,52,1545007618258,"{""phase"": ""postquestionnaire"", ""status"": ""submit""}"
ed:ed,0,1545010164428,"{""phase"": ""INSTRUCTQUIZ"", ""answer"": ""loudness"", ""question"": ""featureAttend""}"
ed:ed,1,1545010164428,"{""phase"": ""INSTRUCTQUIZ"", ""answer"": ""wood"", ""question"": ""constantObj""}"
ed:ed,2,1545010164428,"{""phase"": ""INSTRUCTQUIZ"", ""answer"": ""second"", ""question"": ""densOrder""}"
ed:ed,3,1545010182608,"{""Rating"": ""39"", ""ReactionTime"": 0, ""TrialName"": 2, ""IsInstruction"": true, ""TrialOrder"": 2}"
ed:ed,4,1545010192587,"{""Rating"": ""0"", ""ReactionTime"": 7267, ""TrialName"": ""SphereOnFoam3DubbedFoam0.mp4"", ""IsInstruction"": false, ""TrialOrder"": 0}"
ed:ed,5,1545010198916,"{""Rating"": ""73"", ""ReactionTime"": 6327, ""TrialName"": ""CylOnPlate3DubbedPlate0.mp4"", ""IsInstruction"": false, ""TrialOrder"": 1}"
ed:ed,6,1545010207570,"{""Rating"": ""81"", ""ReactionTime"": 8652, ""TrialName"": ""CylOnPlate2DubbedPlate0.mp4"", ""IsInstruction"": false, ""TrialOrder"": 2}"
ed:ed,7,1545010213967,"{""Rating"": ""50"", ""ReactionTime"": 6394, ""TrialName"": ""SphereOnWood1DubbedWood0.mp4"", ""IsInstruction"": false, ""TrialOrder"": 3}"
ed:ed,8,1545010220813,"{""Rating"": ""50"", ""ReactionTime"": 6844, ""TrialName"": ""CylOnWood2DubbedWood0.mp4"", ""IsInstruction"": false, ""TrialOrder"": 4}"
ed:ed,9,1545010226428,"{""Rating"": ""53"", ""ReactionTime"": 5613, ""TrialName"": ""SphereOnWood2DubbedWood0.mp4"", ""IsInstruction"": false, ""TrialOrder"": 5}"
ed:ed,10,1545010234576,"{""Rating"": ""50"", ""ReactionTime"": 8146, ""TrialName"": ""CylOnPlate4DubbedWood0.mp4"", ""IsInstruction"": false, ""TrialOrder"": 6}"
ed:ed,11,1545010242322,"{""Rating"": ""51"", ""ReactionTime"": 7744, ""TrialName"": ""CylOnWood1DubbedWood0.mp4"", ""IsInstruction"": false, ""TrialOrder"": 7}"
ed:ed,12,1545010249249,"{""Rating"": ""79"", ""ReactionTime"": 6924, ""TrialName"": ""SphereOnPlate1DubbedPlate0.mp4"", ""IsInstruction"": false, ""TrialOrder"": 8}"
ed:ed,13,1545010256863,"{""Rating"": ""1"", ""ReactionTime"": 7612, ""TrialName"": ""CubeOnFoam0DubbedFoam0.mp4"", ""IsInstruction"": false, ""TrialOrder"": 9}"
ed:ed,14,1545010264279,"{""Rating"": ""83"", ""ReactionTime"": 7413, ""TrialName"": ""CubeOnWood5DubbedPlate0.mp4"", ""IsInstruction"": false, ""TrialOrder"": 10}"
ed:ed,15,1545010270680,"{""Rating"": ""84"", ""ReactionTime"": 6399, ""TrialName"": ""SphereOnPlate0DubbedPlate0.mp4"", ""IsInstruction"": false, ""TrialOrder"": 11}"
ed:ed,16,1545010277475,"{""Rating"": ""33"", ""ReactionTime"": 6792, ""TrialName"": ""CylOnWood0DubbedWood0.mp4"", ""IsInstruction"": false, ""TrialOrder"": 12}"
ed:ed,17,1545010284855,"{""Rating"": ""1"", ""ReactionTime"": 7378, ""TrialName"": ""SphereOnFoam2DubbedFoam0.mp4"", ""IsInstruction"": false, ""TrialOrder"": 13}"
ed:ed,18,1545010290843,"{""Rating"": ""84"", ""ReactionTime"": 5986, ""TrialName"": ""CubeOnPlate2DubbedPlate0.mp4"", ""IsInstruction"": false, ""TrialOrder"": 14}"
ed:ed,19,1545010297713,"{""Rating"": ""92"", ""ReactionTime"": 6867, ""TrialName"": ""SphereOnPlate2DubbedPlate0.mp4"", ""IsInstruction"": false, ""TrialOrder"": 15}"
ed:ed,20,1545010304138,"{""Rating"": ""91"", ""ReactionTime"": 6422, ""TrialName"": ""CylOnPlate1DubbedPlate0.mp4"", ""IsInstruction"": false, ""TrialOrder"": 16}"
ed:ed,21,1545010310711,"{""Rating"": ""88"", ""ReactionTime"": 6571, ""TrialName"": ""CubeOnPlate3DubbedPlate0.mp4"", ""IsInstruction"": false, ""TrialOrder"": 17}"
ed:ed,22,1545010317601,"{""Rating"": ""5"", ""ReactionTime"": 6888, ""TrialName"": ""CylOnWood4DubbedFoam0.mp4"", ""IsInstruction"": false, ""TrialOrder"": 18}"
ed:ed,23,1545010325909,"{""Rating"": ""88"", ""ReactionTime"": 8306, ""TrialName"": ""SphereOnPlate3DubbedPlate0.mp4"", ""IsInstruction"": false, ""TrialOrder"": 19}"
ed:ed,24,1545010332396,"{""Rating"": ""1"", ""ReactionTime"": 6485, ""TrialName"": ""SphereOnFoam1DubbedFoam0.mp4"", ""IsInstruction"": false, ""TrialOrder"": 20}"
ed:ed,25,1545010338840,"{""Rating"": ""50"", ""ReactionTime"": 6441, ""TrialName"": ""CubeOnWood1DubbedWood0.mp4"", ""IsInstruction"": false, ""TrialOrder"": 21}"
ed:ed,26,1545010345255,"{""Rating"": ""1"", ""ReactionTime"": 6413, ""TrialName"": ""CylOnFoam0DubbedFoam0.mp4"", ""IsInstruction"": false, ""TrialOrder"": 22}"
ed:ed,27,1545010352700,"{""Rating"": ""1"", ""ReactionTime"": 7443, ""TrialName"": ""CylOnPlate5DubbedFoam0.mp4"", ""IsInstruction"": false, ""TrialOrder"": 23}"
ed:ed,28,1545010358877,"{""Rating"": ""50"", ""ReactionTime"": 6174, ""TrialName"": ""SphereOnWood0DubbedWood0.mp4"", ""IsInstruction"": false, ""TrialOrder"": 24}"
ed:ed,29,1545010364990,"{""Rating"": ""1"", ""ReactionTime"": 6110, ""TrialName"": ""CubeOnFoam2DubbedFoam0.mp4"", ""IsInstruction"": false, ""TrialOrder"": 25}"
ed:ed,30,1545010371017,"{""Rating"": ""0"", ""ReactionTime"": 6025, ""TrialName"": ""CylOnFoam3DubbedFoam0.mp4"", ""IsInstruction"": false, ""TrialOrder"": 26}"
ed:ed,31,1545010377766,"{""Rating"": ""1"", ""ReactionTime"": 6746, ""TrialName"": ""CubeOnFoam3DubbedFoam0.mp4"", ""IsInstruction"": false, ""TrialOrder"": 27}"
ed:ed,32,1545010383653,"{""Rating"": ""50"", ""ReactionTime"": 5884, ""TrialName"": ""CubeOnWood0DubbedWood0.mp4"", ""IsInstruction"": false, ""TrialOrder"": 28}"
ed:ed,33,1545010391174,"{""Rating"": ""53"", ""ReactionTime"": 7518, ""TrialName"": ""CubeOnFoam4DubbedWood0.mp4"", ""IsInstruction"": false, ""TrialOrder"": 29}"
ed:ed,34,1545010397774,"{""Rating"": ""1"", ""ReactionTime"": 6598, ""TrialName"": ""CylOnFoam2DubbedFoam0.mp4"", ""IsInstruction"": false, ""TrialOrder"": 30}"
ed:ed,35,1545010405034,"{""Rating"": ""1"", ""ReactionTime"": 7258, ""TrialName"": ""CubeOnFoam1DubbedFoam0.mp4"", ""IsInstruction"": false, ""TrialOrder"": 31}"
ed:ed,36,1545010411317,"{""Rating"": ""50"", ""ReactionTime"": 6280, ""TrialName"": ""CylOnWood3DubbedWood0.mp4"", ""IsInstruction"": false, ""TrialOrder"": 32}"
ed:ed,37,1545010418545,"{""Rating"": ""91"", ""ReactionTime"": 7226, ""TrialName"": ""SphereOnFoam5DubbedPlate0.mp4"", ""IsInstruction"": false, ""TrialOrder"": 33}"
ed:ed,38,1545010425203,"{""Rating"": ""50"", ""ReactionTime"": 6656, ""TrialName"": ""CubeOnWood3DubbedWood0.mp4"", ""IsInstruction"": false, ""TrialOrder"": 34}"
ed:ed,39,1545010432327,"{""Rating"": ""50"", ""ReactionTime"": 7123, ""TrialName"": ""CubeOnWood2DubbedWood0.mp4"", ""IsInstruction"": false, ""TrialOrder"": 35}"
ed:ed,40,1545010437737,"{""Rating"": ""93"", ""ReactionTime"": 5408, ""TrialName"": ""CubeOnPlate0DubbedPlate0.mp4"", ""IsInstruction"": false, ""TrialOrder"": 36}"
ed:ed,41,1545010443948,"{""Rating"": ""0"", ""ReactionTime"": 6208, ""TrialName"": ""SphereOnFoam0DubbedFoam0.mp4"", ""IsInstruction"": false, ""TrialOrder"": 37}"
ed:ed,42,1545010450364,"{""Rating"": ""1"", ""ReactionTime"": 6413, ""TrialName"": ""SphereOnWood3DubbedWood0.mp4"", ""IsInstruction"": false, ""TrialOrder"": 38}"
ed:ed,43,1545010456408,"{""Rating"": ""88"", ""ReactionTime"": 6042, ""TrialName"": ""CylOnPlate0DubbedPlate0.mp4"", ""IsInstruction"": false, ""TrialOrder"": 39}"
ed:ed,44,1545010462111,"{""Rating"": ""0"", ""ReactionTime"": 5701, ""TrialName"": ""CylOnFoam1DubbedFoam0.mp4"", ""IsInstruction"": false, ""TrialOrder"": 40}"
ed:ed,45,1545010468838,"{""Rating"": ""90"", ""ReactionTime"": 6726, ""TrialName"": ""CubeOnPlate1DubbedPlate0.mp4"", ""IsInstruction"": false, ""TrialOrder"": 41}"
ed:ed,46,1545010468842,"{""phase"": ""postquestionnaire"", ""status"": ""begin""}"
ed:ed,47,1545010492164,"{""phase"": ""postquestionnaire"", ""status"": ""submit""}"
